year,month,carrier,airport,arr_flights,arr_del15,carrier_ct,weather_ct,nas_ct,security_ct,late_aircraft_ct,arr_cancelled,arr_diverted,arr_delay,carrier_delay,weather_delay,nas_delay,security_delay,late_aircraft_delay,predicted_column
2025,4,B6,SRQ,103,14,3.58,0.0,3.63,0.0,6.79,0,0,1268,220,0,111,0,937,14.000428731765474
2025,3,OH,SGF,49,12,2.87,0.0,2.99,0.0,6.14,3,0,569,64,0,61,0,444,12.000121073721736
2025,3,MQ,AVP,57,11,2.18,0.32,2.95,0.0,5.55,1,0,899,95,50,212,0,542,10.99910581457506
2025,3,UA,ECP,30,14,3.84,0.0,8.93,0.0,1.23,0,0,634,206,0,324,0,104,13.999617592020584
2025,3,OO,SBP,372,91,27.98,3.62,24.15,0.0,35.25,2,1,6154,2004,368,1380,0,2402,90.99988532676521
2025,3,MQ,MIA,1508,246,57.16,11.01,95.06,1.16,81.62,29,7,17982,5339,1109,4433,47,7054,246.00888726572725
2025,3,DL,PSP,139,18,8.2,0.63,7.27,0.0,1.91,0,0,1172,789,35,233,0,115,18.009976389259613
2025,3,AS,DFW,152,40,10.16,1.87,19.83,0.0,8.14,0,1,1670,488,67,770,0,345,39.9995178828801
2025,3,NK,RSW,343,62,13.29,3.71,36.89,0.0,8.11,10,5,4985,899,338,3210,0,538,61.99858628211628
2025,4,YV,AUS,15,3,0.03,0.69,1.0,0.0,1.28,0,0,158,2,47,17,0,92,2.999331292613931
2025,4,YV,TUS,4,1,0.03,0.0,0.0,0.0,0.97,0,0,75,2,0,0,0,73,0.9992902979099085
2025,4,UA,PHL,324,50,13.2,1.0,13.45,0.0,22.35,1,1,3604,1100,113,646,0,1745,49.99988885073536
2025,3,HA,OGG,1154,162,110.94,3.48,1.47,0.14,45.98,18,0,7531,4945,240,45,4,2297,162.008756747674
2025,4,PT,PVD,81,17,2.72,0.02,5.45,0.0,8.81,0,1,1614,106,20,120,0,1368,17.000389114441
2025,4,YX,LIT,61,11,1.46,0.0,5.58,0.0,3.95,0,1,477,35,0,235,0,207,10.990517362379471
2025,3,AS,EWR,248,41,10.95,0.72,17.87,0.0,11.46,0,1,2356,915,21,983,0,437,40.999433763884134
2025,3,OH,ATL,318,71,21.08,1.89,14.62,0.6,32.81,10,0,5376,1387,377,518,91,3003,71.00009914366423
2025,3,PT,BUF,89,7,0.71,0.99,4.3,0.0,1.0,0,0,379,67,92,184,0,36,7.000131021429432
2025,3,UA,TPA,912,167,37.07,6.11,77.19,0.0,46.63,6,0,11894,1945,841,5568,0,3540,166.99937663264723
2025,4,9E,OMA,81,17,7.34,0.0,4.61,0.0,5.05,0,0,934,459,0,170,0,305,16.999873333169994
2025,3,B6,SJU,1104,243,82.35,2.58,90.4,1.13,66.54,1,2,15912,5883,214,3719,44,6052,242.99987932776665
2025,4,OO,SUN,122,4,2.1,0.0,0.92,0.0,0.98,0,0,177,42,0,38,0,97,4.000185836697369
2025,3,UA,SAT,459,75,31.07,1.34,14.23,0.0,28.37,0,0,4722,1721,52,608,0,2341,75.00964467994196
2025,4,OO,BHM,152,39,22.79,0.58,8.35,0.0,7.27,0,0,2851,1849,83,560,0,359,38.99006191452263
2025,4,AA,DEN,696,248,63.59,8.05,92.54,1.32,82.49,9,2,16402,5023,797,3706,62,6814,247.98937761057934
2025,4,9E,CMH,45,8,2.69,0.0,2.62,0.0,2.69,0,0,348,123,0,66,0,159,7.999891396826769
2025,3,YX,STL,309,32,5.9,0.59,15.27,0.0,10.23,5,0,1702,295,21,456,0,930,31.990352162385584
2025,4,UA,ROC,56,11,2.19,0.0,4.84,0.0,3.97,1,0,473,50,0,208,0,215,10.999819691948531
2025,4,G4,PBI,40,3,0.11,0.0,1.07,0.0,1.83,0,0,261,3,0,42,0,216,3.0104464829732507
2025,4,AA,SYR,120,34,12.62,2.01,5.86,0.0,13.52,1,0,2287,807,142,267,0,1071,34.00975767060983
2025,4,OO,FWA,270,59,34.26,11.6,6.65,0.0,6.49,1,0,3958,2258,713,587,0,400,59.00057722238207
2025,4,OO,PIB,51,20,14.03,1.0,0.97,0.0,4.0,0,0,1760,768,294,66,0,632,19.999991311070765
2025,3,G4,MEM,44,6,2.33,0.88,1.59,0.0,1.19,0,0,627,165,53,357,0,52,5.99019751473007
2025,4,QX,SMF,143,9,7.0,0.0,0.0,0.0,2.0,0,0,433,394,0,0,0,39,8.99973987625922
2025,3,B6,PIT,95,18,7.55,0.0,0.0,0.0,10.45,0,0,1202,594,0,0,0,608,18.00009197331554
2025,4,YX,AUS,4,1,0.0,0.0,1.0,0.0,0.0,0,0,25,0,0,25,0,0,1.000509080643667
2025,4,B6,EYW,29,3,0.73,0.0,2.11,0.0,0.16,0,0,130,29,0,94,0,7,3.0003792107944633
2025,3,G4,PIT,147,47,9.32,3.55,7.87,0.0,26.27,0,1,3646,798,321,316,0,2211,47.01031485865842
2025,3,MQ,HOU,125,34,8.64,1.76,17.2,0.0,6.4,5,0,1629,367,103,802,0,357,33.9991256696591
2025,4,C5,BTV,3,1,1.0,0.0,0.0,0.0,0.0,0,0,63,63,0,0,0,0,1.0003359240785983
2025,4,WN,OAK,2697,436,133.01,3.72,32.19,1.3,265.79,12,0,24971,7671,279,1054,34,15933,436.00908585985735
2025,3,DL,MSY,714,174,73.29,3.64,48.44,0.0,48.63,2,4,9923,4525,413,1889,0,3096,173.99973723238634
2025,4,AA,MCO,1692,432,129.86,12.86,130.13,1.0,158.15,9,5,30063,8216,1799,5567,23,14458,431.99910051178676
2025,4,UA,CID,90,25,10.77,0.0,5.64,0.0,8.59,1,0,1635,592,0,201,0,842,24.999803577474715
2025,4,OO,TVC,100,16,10.65,2.98,1.38,0.0,1.0,1,0,1216,772,335,44,0,65,16.010166166835887
2025,4,C5,JAN,112,15,7.42,0.88,1.18,0.0,5.52,0,0,807,316,37,23,0,431,15.00037635319319
2025,4,G4,OAK,8,1,0.76,0.0,0.24,0.0,0.0,0,0,17,13,0,4,0,0,1.0004223345920593
2025,3,G4,XNA,81,15,5.97,0.17,2.97,0.0,5.88,0,1,1252,619,14,184,0,435,14.990200927365919
2025,4,B6,JAX,150,27,9.25,0.0,7.9,0.0,9.86,0,0,1449,487,0,310,0,652,27.01035551789444
2025,3,DL,LGA,2270,599,182.49,8.53,215.68,0.0,192.31,32,15,42042,14362,955,11282,0,15443,599.0095419011495
2025,3,G4,LRD,9,1,1.0,0.0,0.0,0.0,0.0,0,0,126,126,0,0,0,0,1.0001906160580063
2025,3,G4,MRY,9,0,0.0,0.0,0.0,0.0,0.0,0,0,0,0,0,0,0,0,0.00019210315228690433
2025,3,OO,BZN,163,10,5.52,1.95,0.61,0.0,1.91,0,1,708,425,64,43,0,176,9.990096577907067
2025,4,G4,BOS,62,5,2.0,0.0,2.6,0.4,0.0,0,0,301,249,0,46,6,0,5.000218540477462
2025,3,C5,CAE,82,16,8.55,0.0,5.8,0.0,1.65,2,0,1433,881,0,252,0,300,16.000101456463774
2025,3,YX,CHS,248,42,12.51,0.0,10.09,0.0,19.41,3,0,2935,917,0,485,0,1533,42.01022603989176
2025,4,UA,RDM,90,14,4.06,0.0,1.68,0.0,8.26,0,0,1014,197,0,33,0,784,13.99985149799236
2025,4,WN,CLT,281,74,16.1,1.81,18.75,0.0,37.34,2,1,3780,615,134,863,0,2168,74.00045916641537
2025,3,OO,ALB,112,13,9.88,2.0,0.12,0.0,1.0,0,0,771,477,200,13,0,81,12.999933913395552
2025,4,WN,STL,3507,602,158.75,16.15,128.81,1.0,297.28,13,5,35882,10149,1705,5689,15,18324,601.9896974436663
2025,4,B6,EWR,413,167,18.15,0.12,113.1,0.59,35.04,4,11,13507,1242,2,8564,13,3686,166.9999722699048
2025,3,YX,DTW,454,49,24.11,1.38,11.47,0.0,12.03,1,1,2166,1162,70,420,0,514,48.99029298337845
2025,3,PT,SYR,113,17,3.67,1.29,5.09,0.0,6.94,0,0,3319,272,120,199,0,2728,16.990345053120166
2025,3,G4,IND,173,39,9.42,1.7,12.65,0.0,15.23,0,0,4835,1716,109,1134,0,1876,39.00036368088934
2025,4,QX,PAE,196,59,7.63,0.0,15.39,0.0,35.98,2,0,3014,315,0,450,0,2249,58.999689777910326
2025,3,YV,CVG,88,6,1.58,0.0,1.7,0.0,2.72,0,0,333,65,0,32,0,236,5.999079963031676
2025,3,YX,ECP,1,0,0.0,0.0,0.0,0.0,0.0,0,0,0,0,0,0,0,0,0.00026622886396410195
2025,3,MQ,DSM,187,30,4.79,0.43,8.57,0.0,16.21,7,1,1484,144,43,252,0,1045,29.999040768039883
2025,4,G4,ICT,24,5,1.37,0.0,0.0,0.0,3.63,0,0,295,31,0,0,0,264,5.000413729573459
2025,4,OH,JAX,6,0,0.0,0.0,0.0,0.0,0.0,0,0,0,0,0,0,0,0,0.0004159759002249075
2025,3,OO,CAK,95,32,13.67,1.79,6.27,0.0,10.28,0,0,2665,1035,253,515,0,862,32.00984998191491
2025,3,MQ,CHS,56,6,1.0,0.0,1.16,0.0,3.84,0,0,484,36,0,133,0,315,5.999124661880366
2025,3,F9,SFO,387,105,15.14,0.36,57.63,0.0,31.87,7,0,7406,834,26,4192,0,2354,104.99996134774389
2025,3,UA,FSD,62,20,9.36,0.03,0.38,0.0,10.23,0,0,1959,1206,6,77,0,670,19.999576893093085
2025,4,OO,AEX,91,23,13.74,1.38,3.83,0.0,4.05,6,1,1294,844,93,187,0,170,23.000061268528135
2025,4,OO,CID,206,26,13.82,4.65,3.72,0.0,3.8,0,0,1817,1087,318,168,0,244,25.99037357019543
2025,4,OO,MEI,51,14,6.91,1.99,1.15,0.0,3.95,0,0,1675,1084,209,55,0,327,14.000224023703055
2025,3,ZW,CVG,39,17,8.28,0.92,5.24,0.0,2.57,0,0,1549,844,111,166,0,428,17.010162306802314
2025,4,ZW,MHK,6,2,0.0,0.62,0.51,0.0,0.87,0,1,145,0,26,26,0,93,2.000415477033428
2025,3,UA,MEM,124,31,12.52,0.0,3.56,0.0,14.92,0,0,2310,713,0,169,0,1428,30.999571622980312
2025,4,NK,BWI,518,102,25.45,0.98,51.89,1.18,22.5,0,0,6102,1813,95,2486,66,1642,101.99864925929694
2025,3,B6,MCO,1657,348,90.85,1.1,123.41,0.11,132.53,17,1,33964,9405,76,11288,10,13185,347.99982173935166
2025,3,9E,CHO,196,46,13.91,3.05,9.47,0.0,19.57,0,0,2959,963,188,422,0,1386,45.999778508836975
2025,3,UA,CMH,185,39,12.55,0.73,8.3,0.0,17.42,0,0,2597,709,27,298,0,1563,38.99965534048664
2025,4,YX,TYS,83,14,1.84,0.0,7.04,0.0,5.12,0,0,593,46,0,275,0,272,14.00051722727197
2025,4,UA,PDX,493,99,30.62,2.01,17.11,0.0,49.26,0,0,6777,2191,65,534,0,3987,98.9999944680692
2025,4,OH,MOB,90,22,6.38,0.46,5.28,0.0,9.87,6,0,1215,379,48,262,0,526,21.99028307874614
2025,3,AA,SJU,466,116,37.91,2.34,44.72,0.0,31.03,2,1,6381,1938,220,1578,0,2645,115.99955837751835
2025,4,AA,BWI,314,95,31.65,1.36,19.46,0.0,42.53,5,0,6183,2280,168,839,0,2896,94.9995317312177
2025,3,MQ,FWA,93,18,8.64,0.43,5.44,0.0,3.49,3,0,814,376,25,223,0,190,17.99906505726583
2025,3,G4,MFE,58,3,0.0,0.0,2.5,0.0,0.5,0,0,103,0,0,94,0,9,3.0002140011014404
2025,4,UA,FAR,30,6,3.79,0.0,0.34,0.0,1.87,0,0,924,624,0,9,0,291,5.999868961295064
2025,4,WN,BDL,370,53,20.04,0.66,9.71,1.0,21.59,0,0,2794,1023,21,392,15,1343,52.99991963306273
2025,4,AS,SBA,27,5,1.0,0.0,0.7,0.0,3.3,0,0,117,28,0,16,0,73,4.999598000719651
2025,4,YV,PIT,69,6,2.47,0.93,2.6,0.0,0.0,1,0,291,51,172,68,0,0,5.999252843418482
2025,3,G7,ABE,62,15,3.49,0.0,4.37,0.0,7.13,0,0,1560,347,0,216,0,997,14.990398466164201
2025,3,YV,MSP,96,16,8.51,0.0,1.37,0.0,6.12,0,0,871,486,0,48,0,337,15.999011197124851
2025,4,F9,SJU,529,201,66.94,5.58,67.21,0.0,61.27,8,4,20518,7278,830,3208,0,9202,201.0007122140648
2025,4,OO,PHL,13,3,2.58,0.0,0.42,0.0,0.0,0,0,229,207,0,22,0,0,3.000153183245857
2025,4,WN,ROC,161,35,16.86,0.0,3.53,0.72,13.89,0,1,1980,1010,0,140,18,812,35.00005469617757
2025,3,NK,BHM,25,3,0.96,1.0,1.04,0.0,0.0,0,0,151,43,16,92,0,0,2.9987798968595882
2025,3,C5,IAH,2024,216,48.53,18.0,60.2,0.0,89.27,52,1,20911,6231,2157,2483,0,10040,216.00040225926662
2025,4,NK,PBI,30,1,1.0,0.0,0.0,0.0,0.0,0,0,98,98,0,0,0,0,0.9989421342089599
2025,4,C5,SCE,86,15,7.56,0.0,3.55,0.0,3.88,0,0,686,234,0,102,0,350,14.990318960363247
2025,3,QX,BET,13,3,0.0,0.94,2.06,0.0,0.0,0,0,98,0,33,65,0,0,2.9995958987642126
2025,4,9E,MSN,19,1,1.0,0.0,0.0,0.0,0.0,0,0,68,68,0,0,0,0,0.9998927944269127
2025,3,QX,OTZ,29,3,1.0,1.0,1.0,0.0,0.0,1,0,129,80,19,30,0,0,2.9995907637798638
2025,4,B6,ROC,31,12,4.19,0.0,2.62,0.0,5.18,0,0,525,145,0,116,0,264,11.990330736408822
2025,4,F9,SJC,37,8,1.23,0.0,1.05,0.0,5.71,1,0,440,75,0,22,0,343,7.990369384846481
2025,3,G4,CVG,390,103,22.09,1.77,25.42,0.0,53.73,2,0,10339,2562,213,2543,0,5021,103.01014264053804
2025,3,MQ,AMA,186,42,10.52,2.19,10.92,0.0,18.37,9,0,1891,465,211,371,0,844,41.998972425591404
2025,3,OH,SHV,159,41,14.9,1.57,7.22,0.0,17.31,7,0,3338,1047,143,453,0,1695,41.00008515719129
2025,4,B6,DTW,62,9,3.69,0.0,2.24,0.0,3.07,0,0,736,160,0,392,0,184,9.000320468236751
2025,3,OO,DDC,53,5,1.0,1.0,0.54,0.0,2.46,1,0,318,17,53,30,0,218,4.999972566289301
2025,3,OO,PHL,33,6,5.76,0.0,0.24,0.0,0.0,0,0,246,238,0,8,0,0,5.999890027000134
2025,4,QX,FAI,148,21,4.4,0.06,8.67,0.0,7.86,0,0,948,187,3,213,0,545,20.989799863871596
2025,3,DL,MDT,86,13,5.02,0.0,1.68,0.0,6.3,0,0,794,439,0,68,0,287,12.99988362694615
2025,3,G4,SFB,1087,298,60.56,16.21,66.68,1.0,153.55,10,1,28007,8008,1538,5493,32,12936,298.00000700949874
2025,4,UA,OGG,171,9,5.33,0.0,0.74,0.0,2.93,0,0,405,103,0,14,0,288,8.999851891567502
2025,3,MQ,COS,5,0,0.0,0.0,0.0,0.0,0.0,1,0,0,0,0,0,0,0,-0.0008895275390727875
2025,3,OO,CMX,62,24,13.08,4.96,2.05,0.0,3.91,5,0,2972,791,1701,145,0,335,23.999036478467687
2025,4,UA,TUL,28,8,3.29,0.96,0.49,0.0,3.27,1,0,346,123,43,17,0,163,8.009853283003416
2025,3,PT,CLT,3146,449,68.38,27.54,111.61,0.0,241.48,24,5,31278,8391,2784,3915,0,16188,449.01111588383094
2025,4,UA,ABQ,120,27,9.79,1.0,3.55,0.0,12.66,0,0,1537,463,39,171,0,864,26.9998501847345
2025,3,F9,ORD,350,129,23.41,0.05,41.33,0.0,64.21,5,0,12044,3737,1,3382,0,4924,129.00003064091186
2025,4,9E,BHM,89,25,8.5,0.0,7.11,0.0,9.4,0,0,1813,1199,0,246,0,368,25.009898538702892
2025,3,UA,DSM,128,28,11.64,1.56,3.15,0.0,11.65,5,0,1791,671,44,116,0,960,27.999599455114108
2025,4,F9,JAX,62,15,6.36,1.0,1.12,0.0,6.53,3,0,1641,550,66,77,0,948,15.01041657529887
2025,3,F9,JFK,191,54,19.34,0.53,20.73,0.0,13.4,2,0,3684,1356,73,833,0,1422,54.00015761795614
2025,4,MQ,EUG,3,0,0.0,0.0,0.0,0.0,0.0,0,0,0,0,0,0,0,0,-0.000636751776823985
2025,3,AA,TUL,175,62,24.72,1.61,8.89,0.29,26.49,3,0,4056,1460,120,349,14,2113,61.99928213308425
2025,4,B6,SMF,2,0,0.0,0.0,0.0,0.0,0.0,0,0,0,0,0,0,0,0,0.0003712490970855242
2025,4,AA,ANC,30,7,2.85,1.0,0.97,0.1,2.08,0,0,1454,602,164,26,90,572,7.000261766529228
2025,3,AA,PVD,149,26,10.08,0.73,4.45,0.0,10.74,4,0,2132,1090,111,140,0,791,25.999434911361334
2025,4,WN,RNO,705,121,31.98,1.0,10.01,0.0,78.0,1,0,5995,1631,15,321,0,4028,120.99033144087167
2025,4,9E,RAP,88,16,4.45,0.0,8.43,0.0,3.12,0,0,788,273,0,277,0,238,15.999923064451693
2025,4,OO,BRO,32,10,4.76,2.26,1.07,0.95,0.97,2,0,533,224,171,75,35,28,10.009744303579012
2025,4,QX,ELP,30,2,1.0,0.0,0.2,0.0,0.8,2,2,86,71,0,3,0,12,1.9997339378773802
2025,3,OH,PWM,69,21,3.22,0.88,3.74,0.0,13.16,3,0,1334,322,29,181,0,802,21.000168858853627
2025,3,OO,LAR,53,9,3.99,1.0,1.27,0.0,2.74,2,0,516,160,46,62,0,248,8.999940375613242
2025,3,AA,CMH,383,110,32.71,1.46,16.62,0.0,59.2,7,3,7028,1952,65,830,0,4181,109.98930280666254
2025,3,G4,CID,138,25,9.44,2.4,8.18,0.89,4.09,0,0,1833,812,283,546,31,161,24.999769012985396
2025,3,OO,SPS,62,14,4.6,2.32,1.71,0.0,5.38,3,1,1236,155,641,45,0,395,14.009626547834017
2025,3,C5,LIT,104,10,4.63,0.53,2.81,0.0,2.03,0,0,649,287,74,138,0,150,10.000109891824785
2025,4,OO,PWM,39,3,2.0,0.0,1.0,0.0,0.0,0,0,143,59,0,84,0,0,3.0001539091854994
2025,3,MQ,ONT,28,4,0.97,0.0,0.0,0.0,3.03,0,0,116,27,0,0,0,89,3.9991074454048103
2025,4,YX,DAY,38,7,1.0,0.0,2.18,0.0,3.82,0,0,340,85,0,99,0,156,7.000496916441641
2025,3,PT,FAY,155,23,6.18,1.52,2.26,0.0,13.04,2,0,1299,277,197,95,0,730,23.000003441628472
2025,4,G4,PIT,126,28,8.03,0.9,7.47,0.0,11.61,0,1,1454,415,78,338,0,623,28.01042157603422
2025,4,OH,LEX,178,54,15.66,0.85,7.85,0.0,29.64,6,0,4100,1129,47,338,0,2586,54.000338363038985
2025,3,OH,SRQ,31,10,4.57,2.94,1.49,0.0,1.0,1,0,586,150,221,164,0,51,10.000239737354889
2025,4,YX,GRB,4,0,0.0,0.0,0.0,0.0,0.0,0,0,0,0,0,0,0,0,0.0005039423168256008
2025,4,F9,PSE,15,2,1.73,0.0,0.27,0.0,0.0,0,0,58,49,0,9,0,0,2.000384299796792
2025,4,DL,RSW,728,154,75.12,5.82,47.01,0.0,26.05,4,1,9704,4362,1546,2090,0,1706,153.99932576532984
2025,4,MQ,MCI,165,42,12.18,0.72,11.61,0.0,17.5,4,0,2040,670,54,331,0,985,42.00928780121738
2025,3,G4,MSP,49,5,1.0,0.0,2.96,0.0,1.04,0,0,336,24,0,110,0,202,5.000217253323271
2025,3,DL,BUF,122,22,11.42,0.0,3.95,0.0,6.63,0,0,1036,520,0,91,0,425,21.9998563137504
2025,3,F9,MDW,241,71,17.4,1.1,14.57,0.0,37.94,8,0,5603,1994,136,862,0,2611,71.00999352123813
2025,4,OO,PIH,60,3,3.0,0.0,0.0,0.0,0.0,0,0,180,180,0,0,0,0,3.0001617675270325
2025,4,G4,MFR,16,3,1.08,1.0,0.92,0.0,0.0,0,0,122,18,81,23,0,0,3.0004623291236356
2025,4,C5,BDL,4,1,0.69,0.0,0.31,0.0,0.0,0,0,42,29,0,13,0,0,1.0003380341492516
2025,3,G4,FAT,57,6,3.11,0.0,0.81,0.0,2.08,0,0,222,130,0,31,0,61,6.000173309301452
2025,4,YV,MFE,62,10,4.58,0.0,0.27,0.0,5.15,0,0,952,377,0,22,0,553,9.999296424065115
2025,3,MQ,HSV,121,21,3.92,0.04,7.84,0.0,9.2,6,0,733,113,5,232,0,383,20.99902056994427
2025,4,UA,MSY,592,106,31.61,3.62,33.45,0.0,37.32,2,2,7316,2194,183,1248,0,3691,106.0001903937004
2025,4,DL,CHA,40,7,2.73,0.61,1.59,0.0,2.07,0,0,449,98,86,158,0,107,7.000108994560691
2025,4,DL,MEM,423,80,30.9,4.17,26.84,0.0,18.09,3,3,5215,1765,515,1429,0,1506,80.00009332451376
2025,3,UA,JAC,170,37,6.4,0.98,5.45,0.0,24.16,0,2,3086,438,608,237,0,1803,36.98927165096424
2025,4,9E,GFK,73,21,7.42,1.92,4.52,0.0,7.13,0,0,1581,663,126,167,0,625,20.989990178488952
2025,4,YV,ECP,64,7,1.93,0.0,2.45,0.0,2.63,1,0,501,116,0,164,0,221,7.009280131763127
2025,4,AA,LAX,2577,561,170.02,21.77,142.09,1.0,226.11,13,2,41991,14636,1335,5115,50,20855,560.9908701559225
2025,4,OH,SHV,117,42,12.0,1.6,11.95,0.12,16.32,4,1,3149,724,174,803,9,1439,41.990303761232965
2025,4,UA,MSN,90,33,15.09,0.0,2.63,0.0,15.28,0,0,1697,594,0,70,0,1033,32.999721237799164
2025,4,AA,TPA,1237,323,92.25,5.67,80.07,1.25,143.76,15,0,24805,7744,813,3797,38,12413,322.99887556888496
2025,4,OO,COD,60,20,6.15,0.0,5.89,0.0,7.96,0,1,1976,321,0,526,0,1129,20.000163528525064
2025,3,YX,ORH,31,4,0.99,0.0,0.93,0.0,2.09,0,1,202,37,0,31,0,134,4.010273131710328
2025,3,OO,TUL,421,70,41.97,2.95,9.76,0.0,15.32,2,2,4415,2346,131,573,0,1365,69.999945165906
2025,4,DL,TVC,28,4,1.0,1.0,2.0,0.0,0.0,0,0,302,78,160,64,0,0,4.000131431901295
2025,3,WN,PBI,262,59,12.91,0.7,21.25,0.0,24.13,3,0,5550,865,45,2285,0,2355,58.9901803763293
2025,4,MQ,LRD,148,34,11.75,1.66,8.31,0.0,12.28,7,0,1642,575,51,279,0,737,33.99932228782538
2025,3,NK,ROC,49,10,5.65,0.0,3.65,0.0,0.7,1,0,560,410,0,131,0,19,9.998675941658163
2025,4,PT,BUF,89,11,3.75,0.0,2.27,0.0,4.97,0,0,419,138,0,69,0,212,10.990289364824577
2025,4,MQ,ICT,148,34,11.19,1.35,14.21,0.0,7.25,4,0,1699,597,141,538,0,423,33.99931841946977
2025,3,YX,BDL,87,11,2.82,0.0,3.51,0.0,4.67,1,0,393,80,0,138,0,175,11.000239455643673
2025,3,UA,BNA,476,87,26.58,2.61,20.33,0.0,37.48,1,0,5882,1369,371,987,0,3155,86.99955047107075
2025,4,YX,PIT,919,156,39.84,3.96,53.24,0.0,58.96,11,0,9258,2201,461,2258,0,4338,156.00044463523102
2025,3,B6,AUS,31,9,2.41,0.0,1.03,0.0,5.56,0,1,698,218,0,51,0,429,9.000134819576608
2025,3,OO,IAH,1279,230,123.0,11.98,20.32,0.0,74.7,21,3,23328,12465,1720,1327,0,7816,229.99961351589639
2025,4,PT,CWA,23,4,0.1,0.0,1.09,0.0,2.81,0,0,410,8,0,43,0,359,4.000325486340046
2025,4,F9,STL,69,19,3.42,1.75,4.94,0.0,8.88,1,0,1291,181,122,246,0,742,18.99045682614863
2025,3,OH,IAH,21,4,0.76,0.0,2.04,0.0,1.2,0,1,108,16,0,48,0,44,4.000188375309399
2025,4,DL,AUS,994,208,73.2,2.67,82.06,0.0,50.08,3,1,11872,5701,295,2840,0,3036,208.01025620220244
2025,3,YV,RIC,63,11,3.59,1.0,0.43,0.0,5.97,0,1,1216,442,44,59,0,671,10.989147508964628
2025,3,F9,SRQ,68,21,5.0,0.0,7.42,0.0,8.57,1,1,1197,178,0,521,0,498,20.99009342656059
2025,4,MQ,MSP,56,22,6.64,0.03,11.84,0.0,3.49,0,0,963,257,5,483,0,218,21.99935171260352
2025,3,WN,BOI,435,63,21.69,0.0,6.45,0.0,34.86,0,1,3541,1162,0,231,0,2148,63.00021145651515
2025,4,F9,BWI,263,83,24.77,0.93,18.42,0.0,38.88,1,0,6130,1280,14,893,0,3943,83.00043640042384
2025,4,OO,MDT,92,14,9.58,0.92,1.51,0.0,2.0,0,0,440,315,18,56,0,51,14.010175154250987
2025,3,YX,IND,1247,168,45.71,7.37,48.21,0.42,66.3,17,2,11238,2856,986,1997,105,5294,168.0105479752314
2025,3,C5,SHV,95,11,5.19,0.0,1.06,0.0,4.74,0,2,541,163,0,68,0,310,10.990092530254877
2025,4,OH,PVD,14,1,0.0,0.0,0.4,0.0,0.6,0,0,47,0,0,19,0,28,1.000416899584195
2025,3,OO,TWF,62,5,3.61,1.0,0.39,0.0,0.0,0,0,488,371,110,7,0,0,4.999952885511945
2025,4,OH,MLB,120,27,7.47,0.63,7.96,0.0,10.93,0,0,1169,325,28,205,0,611,26.990436275504024
2025,3,PT,PHF,124,14,6.57,1.76,2.97,0.0,2.7,0,0,897,494,141,121,0,141,14.000139992910952
2025,3,OO,TYS,122,28,11.59,1.1,7.31,0.0,8.0,1,0,2702,1070,116,604,0,912,27.999923258697372
2025,3,NK,SNA,91,3,0.0,0.0,2.0,0.0,1.0,0,0,87,0,0,43,0,44,2.99873646755006
2025,3,UA,PDX,483,75,22.45,0.64,19.43,0.0,32.48,1,0,4458,1334,16,835,0,2273,74.99963299628517
2025,3,DL,STL,431,67,35.37,1.0,15.21,0.0,15.42,1,2,4164,2292,57,526,0,1289,66.99992354803655
2025,4,YV,MSY,8,2,0.37,1.0,0.0,0.0,0.63,0,0,132,7,113,0,0,12,1.9992999224499926
2025,4,C5,AMA,21,3,1.11,0.0,1.02,0.0,0.87,0,1,396,167,0,40,0,189,3.000369998750685
2025,4,PT,ORD,806,165,33.13,9.94,52.94,0.0,68.99,9,3,21717,6725,3143,2871,0,8978,164.9996423303615
2025,4,9E,HSV,69,21,6.47,1.62,7.54,0.0,5.38,0,0,1058,449,102,246,0,261,21.009966712774414
2025,3,UA,MFR,61,13,4.8,0.0,1.51,0.0,6.69,0,0,937,258,0,66,0,613,12.999593019389863
2025,4,9E,GNV,28,12,3.31,0.0,1.15,0.0,7.55,0,0,995,201,0,83,0,711,12.009880077287704
2025,3,9E,SAV,110,25,9.29,0.37,9.11,0.0,6.23,0,0,1832,1031,14,443,0,344,24.99968965921495
2025,4,WN,FLL,1023,201,66.32,5.54,42.58,0.0,86.56,3,1,12522,3803,278,2471,0,5970,201.00054403884818
2025,3,9E,BTR,70,18,7.13,1.51,2.63,0.0,6.72,0,0,1262,269,582,98,0,313,17.98932974165284
2025,4,AS,IAD,186,33,11.49,1.0,12.33,0.0,8.19,0,0,1422,470,31,367,0,554,33.009695442564315
2025,3,AA,GSO,68,40,9.95,0.0,9.24,0.0,20.81,1,0,2403,746,0,418,0,1239,39.99939800795168
2025,3,MQ,MSO,31,7,1.59,0.0,5.41,0.0,0.0,0,1,263,67,0,196,0,0,6.999150298185931
2025,4,YV,OKC,101,16,5.48,1.96,6.22,0.0,2.34,0,0,875,300,201,306,0,68,15.999327648682467
2025,3,9E,JAN,103,14,3.93,0.0,5.46,0.0,4.61,0,0,905,202,0,285,0,418,13.99967003275286
2025,3,AS,ADQ,62,9,4.21,0.0,1.12,0.0,3.67,2,2,656,320,0,21,0,315,8.999363495192746
2025,4,G7,PHL,86,26,5.58,0.0,8.23,0.0,12.19,0,0,3021,463,0,336,0,2222,26.000719718099113
2025,3,YX,BTV,190,17,5.91,0.0,3.11,0.0,7.98,2,2,787,282,0,120,0,385,17.00024231521831
2025,3,G4,RFD,101,16,10.68,0.94,1.94,0.0,2.43,0,1,2180,975,948,59,0,198,15.98960985939381
2025,3,MQ,LEX,120,24,6.0,2.71,5.61,0.0,9.68,2,0,1414,284,124,253,0,753,23.999255913687463
2025,4,NK,STT,75,6,2.91,0.0,2.09,0.0,1.0,0,2,657,492,0,142,0,23,5.998973008511058
2025,3,YX,DSM,107,16,5.71,0.31,2.99,0.0,6.99,5,1,6901,6108,16,200,0,577,16.000648845068625
2025,3,F9,BUF,122,38,12.73,0.0,13.73,0.0,11.53,3,0,2480,667,0,754,0,1059,37.99007271843264
2025,4,MQ,GSO,166,36,12.95,0.66,8.28,0.0,14.11,2,0,1529,462,19,270,0,778,35.99930628548607
2025,3,YV,PWM,4,1,0.89,0.0,0.0,0.0,0.11,0,0,27,24,0,0,0,3,0.9990465284937216
2025,3,QX,SBA,33,5,1.16,0.0,3.0,0.0,0.84,0,0,154,50,0,73,0,31,4.9995302217425746
2025,4,OO,XNA,190,28,16.97,2.96,7.5,0.0,0.56,1,0,1755,701,409,617,0,28,27.9900427600408
2025,4,MQ,RDM,60,11,0.86,0.0,1.34,0.0,8.8,0,0,682,84,0,55,0,543,10.999357004492254
2025,3,9E,MSN,9,2,1.0,0.0,1.0,0.0,0.0,0,0,387,364,0,23,0,0,1.9996812292296084
2025,4,OO,IDA,240,43,18.48,4.0,7.63,0.0,12.89,2,2,3780,1300,584,517,0,1379,43.000096003339124
2025,3,AS,OGG,183,17,8.0,1.0,1.0,0.0,7.0,0,2,925,570,93,22,0,240,16.99940513249129
2025,4,UA,ELP,60,16,4.19,0.0,4.53,0.0,7.28,0,0,1318,234,0,234,0,850,15.999855780938049
2025,3,ZW,ALO,10,1,0.0,0.0,0.11,0.0,0.89,2,0,116,0,0,13,0,103,1.0000984850999544
2025,4,MQ,BWI,64,13,4.4,0.33,3.41,0.0,4.86,2,0,602,141,27,168,0,266,12.999312536295584
2025,3,OO,IND,42,6,2.0,1.81,2.19,0.0,0.0,0,0,439,137,205,97,0,0,5.999958761944697
2025,4,UA,SFO,4594,681,203.02,22.86,307.12,0.0,148.0,12,4,41983,15229,1329,11413,0,14012,681.002474273224
2025,4,UA,MSO,60,10,2.01,0.0,3.58,0.0,4.41,0,0,608,120,0,137,0,351,9.999853362441272
2025,3,UA,LAS,1383,208,58.67,3.51,78.7,0.0,67.11,4,0,12404,3397,379,3503,0,5125,207.9897718917778
2025,4,9E,MEM,94,22,6.21,1.5,9.67,0.0,4.62,0,4,1595,317,586,371,0,321,21.999656594739058
2025,3,HA,PPG,13,3,2.07,0.93,0.0,0.0,0.0,0,0,356,101,255,0,0,0,2.999530112702871
2025,4,G4,TYS,255,54,7.74,2.86,13.92,1.23,28.25,0,0,2959,387,130,547,30,1865,53.99993650094867
2025,4,9E,DTW,1283,247,54.02,7.06,33.14,0.0,152.78,5,1,19705,6188,489,1038,0,11990,247.00037934706182
2025,4,AA,EYW,168,39,13.77,0.81,11.19,0.0,13.23,0,0,2762,1006,88,623,0,1045,38.99971667190502
2025,4,YV,MCI,144,24,8.5,0.06,9.7,0.0,5.74,1,0,1109,400,6,236,0,467,23.9993040265365
2025,3,WN,PSP,343,66,15.53,0.0,14.54,0.0,35.93,1,2,3081,526,0,439,0,2116,66.00021822472817
2025,4,MQ,MKE,4,2,0.0,0.0,0.5,0.0,1.5,0,0,63,0,0,22,0,41,1.999355316034496
2025,3,HA,PHX,31,5,3.0,1.0,0.0,0.0,1.0,0,0,365,45,101,0,0,219,4.999649343387809
2025,4,OO,RAP,212,47,19.83,2.96,16.77,0.0,7.44,0,1,3930,1484,126,1507,0,813,47.00027968951783
2025,3,UA,MSY,626,103,30.71,6.53,23.19,0.0,42.57,3,0,6346,1775,587,939,0,3045,102.99974434207846
2025,4,YX,JAX,122,18,8.71,0.0,5.98,0.0,3.31,0,0,813,451,0,171,0,191,18.000497494875347
2025,4,9E,AZO,1,0,0.0,0.0,0.0,0.0,0.0,0,0,0,0,0,0,0,0,-0.00010735669977179896
2025,4,YX,MKE,155,23,4.98,0.0,13.91,0.0,4.11,3,0,1243,302,0,495,0,446,23.000531276474824
2025,3,UA,PHL,336,69,24.01,2.5,27.26,0.0,15.23,0,0,3096,1026,264,827,0,979,68.99965452614308
2025,3,UA,BQN,31,8,2.82,0.0,2.02,0.0,3.16,0,0,618,313,0,137,0,168,7.999592959054887
2025,4,OH,CLE,147,41,9.57,0.38,7.22,0.0,23.83,5,0,3005,580,19,342,0,2064,41.000341790713605
2025,3,OO,LAW,93,28,13.8,2.88,5.93,0.0,5.39,7,0,1665,853,328,219,0,265,27.999787662032276
2025,3,F9,MEM,12,0,0.0,0.0,0.0,0.0,0.0,0,0,0,0,0,0,0,0,0.0001612806856030602
2025,3,G7,SGF,4,2,0.1,0.0,0.0,0.0,1.9,0,0,223,18,0,0,0,205,2.000352545822892
2025,4,MQ,OMA,13,2,0.58,0.0,0.12,0.0,1.3,1,0,169,50,0,5,0,114,1.9993469594733142
2025,4,G4,PVD,24,5,2.79,0.0,1.35,0.0,0.86,0,0,189,108,0,46,0,35,5.000411698163404
2025,4,OO,ROC,30,2,2.0,0.0,0.0,0.0,0.0,1,0,135,135,0,0,0,0,2.0001425214393436
2025,4,OO,BRD,50,6,4.0,1.76,0.24,0.0,0.0,0,0,243,121,109,13,0,0,6.000232018383571
2025,4,DL,CLT,567,100,49.11,1.18,19.24,0.0,30.47,0,0,5813,3396,154,772,0,1491,99.99997338272223
2025,4,G4,CAK,70,12,4.51,0.0,4.41,0.0,3.08,1,0,2348,2003,0,211,0,134,12.000533160205478
2025,4,MQ,MLI,61,13,3.65,0.85,3.56,0.0,4.94,1,0,693,138,29,66,0,460,12.999417141673476
2025,4,UA,SBA,90,13,2.4,0.0,2.68,0.0,7.92,0,0,1110,200,0,92,0,818,12.999877703068286
2025,4,MQ,MDT,27,4,1.66,0.0,0.84,0.0,1.5,0,0,160,106,0,20,0,34,3.9993550942753586
2025,4,9E,FSD,84,15,7.46,0.0,3.31,0.0,4.24,0,0,948,705,0,98,0,145,15.00988236269717
2025,3,NK,ORF,39,5,2.27,0.29,2.44,0.0,0.0,0,0,538,203,85,250,0,0,4.998657589386497
2025,4,AS,OME,29,8,1.2,0.0,2.57,0.0,4.23,0,0,244,55,0,63,0,126,7.999604854176738
2025,3,YX,JAX,235,34,10.37,0.64,14.0,0.06,8.93,3,0,2865,1173,188,705,7,792,34.000221828125525
2025,3,B6,DTW,58,16,5.73,0.0,2.7,0.0,7.57,0,0,954,336,0,191,0,427,16.0000859766739
2025,3,G4,SYR,85,12,3.29,1.0,5.1,0.0,2.61,1,0,649,225,40,273,0,111,12.000242402922737
2025,3,OH,SAV,315,85,28.91,3.53,18.65,0.41,33.5,8,0,5754,2088,546,763,21,2336,84.99976106129024
2025,4,YX,DLH,1,0,0.0,0.0,0.0,0.0,0.0,0,0,0,0,0,0,0,0,0.0005029132186820107
2025,3,MQ,EYW,198,37,5.89,0.48,26.18,0.0,4.44,2,4,1698,248,27,1273,0,150,36.98919534473913
2025,4,OO,CMH,107,15,8.23,0.74,2.3,0.0,3.73,0,0,801,325,17,99,0,360,15.00019570616952
2025,4,F9,MSP,81,15,4.03,0.43,1.55,0.0,9.0,0,0,1162,244,18,74,0,826,15.010425561679703
2025,3,OO,MRY,300,54,24.85,0.0,8.41,0.0,20.75,5,2,4097,1467,0,1138,0,1492,54.00967079417655
2025,3,QX,IDA,59,8,2.36,1.0,1.51,0.0,3.14,0,0,281,67,40,37,0,137,8.009574804047077
2025,3,G4,SAN,9,1,0.21,0.0,0.79,0.0,0.0,0,0,19,4,0,15,0,0,1.0001947110632585
2025,3,MQ,ATL,101,27,6.05,1.72,8.79,0.11,10.33,2,0,2101,454,144,633,27,843,26.999225633315497
2025,3,QX,SAN,178,46,8.12,1.18,12.91,0.0,23.79,0,1,2655,449,168,507,0,1531,45.99949726356333
2025,3,NK,LAS,1489,240,41.95,5.33,147.89,0.15,44.68,10,0,17210,3976,1006,7916,19,4293,239.9989093319624
2025,3,WN,SBA,141,24,8.44,0.0,4.29,0.0,11.27,0,3,742,254,0,111,0,377,24.000242038272013
2025,3,AS,MIA,62,14,4.04,1.89,7.07,0.0,1.0,0,0,956,385,112,432,0,27,13.999481988330395
2025,4,YX,SDF,528,88,28.29,0.0,29.2,0.86,29.65,6,0,5046,1664,0,1362,18,2002,87.99990053273235
2025,4,WN,MSY,1576,333,84.86,5.7,77.04,0.62,164.79,8,3,19781,4541,539,3445,14,11242,333.0099660419994
2025,3,G4,MLI,62,14,8.66,0.46,4.4,0.0,0.48,0,0,1184,431,64,669,0,20,14.000091516488006
2025,3,G4,HOU,28,3,0.0,1.0,2.0,0.0,0.0,0,0,275,0,235,40,0,0,3.0001384841323784
2025,4,MQ,ORF,6,1,0.74,0.0,0.0,0.0,0.26,1,0,61,45,0,0,0,16,0.9993418332224167
2025,3,YX,MSY,49,6,3.0,0.0,2.34,0.0,0.66,1,1,453,209,0,112,0,132,6.000267279743397
2025,3,YV,IAD,1082,172,50.69,6.04,38.71,0.0,76.56,5,0,18487,6467,420,1440,0,10160,171.99998469262843
2025,4,9E,CHA,171,48,17.87,1.25,9.83,0.0,19.04,1,0,3083,1182,52,316,0,1533,47.98992410072335
2025,3,OH,DAY,325,95,25.23,5.59,12.51,0.0,51.68,8,1,8897,2010,985,726,0,5176,95.0099129099803
2025,3,C5,PIT,12,1,0.0,0.0,1.0,0.0,0.0,0,0,25,0,0,25,0,0,1.0001138798735525
2025,3,AA,BDL,354,73,29.14,1.46,13.49,0.0,28.91,7,0,3851,1244,159,503,0,1945,72.99926256291026
2025,4,QX,LAX,425,84,16.84,0.89,18.35,0.0,47.93,6,0,5056,1552,62,581,0,2861,84.00969304811858
2025,4,UA,AUS,863,138,38.9,7.54,52.97,0.0,38.59,3,0,7839,1807,646,1792,0,3594,138.00025464127611
2025,3,OO,AVL,71,24,14.34,1.95,3.55,0.0,4.16,0,0,2306,1284,187,264,0,571,23.99995234281303
2025,4,F9,BTV,15,3,1.94,0.0,0.76,0.0,0.3,0,0,280,240,0,32,0,8,3.0003960353256502
2025,3,9E,OAJ,119,21,6.29,0.37,3.7,0.0,10.64,0,2,996,381,23,94,0,498,20.999658636473484
2025,4,OH,MSY,113,25,7.57,1.15,10.06,0.0,6.23,0,1,1570,408,97,415,0,650,25.01048345699708
2025,4,G4,TRI,16,12,4.79,0.74,2.89,0.0,3.58,0,0,1212,940,58,93,0,121,12.000470810869722
2025,3,AA,ATL,545,139,54.65,3.88,34.07,0.0,46.4,12,0,11206,5004,1027,1513,0,3662,138.9989144336871
2025,3,C5,SCE,83,13,5.3,0.0,5.32,0.0,2.38,1,0,739,275,0,122,0,342,13.000118403284745
2025,3,ZW,CID,3,1,0.13,0.0,0.07,0.0,0.8,1,0,71,9,0,5,0,57,1.0001091007406302
2025,3,NK,OAK,117,10,1.91,0.0,7.09,0.0,1.0,0,0,417,65,0,337,0,15,9.998730435604173
2025,3,YX,TYS,88,6,1.71,0.0,1.12,0.0,3.17,3,0,311,74,0,58,0,179,6.0002227399671355
2025,4,OO,LBF,50,10,3.7,0.0,2.55,0.0,3.75,1,0,812,333,0,302,0,177,10.000110997959617
2025,3,OH,AVL,101,26,6.27,0.39,3.97,0.0,15.37,7,1,1304,248,37,150,0,869,26.000019818185194
2025,4,OH,DTW,141,30,9.74,0.01,4.45,0.0,15.8,3,0,2117,733,1,146,0,1237,30.000355163671827
2025,4,AS,SJC,179,38,9.93,0.0,6.65,0.34,21.07,0,0,1808,620,0,166,20,1002,37.98944283172324
2025,4,UA,SAT,373,71,28.85,2.93,20.97,0.0,18.24,0,1,4821,1703,284,1003,0,1831,70.98991607187668
2025,3,9E,MOB,172,47,20.16,1.98,9.76,0.0,15.1,0,2,2678,879,614,407,0,778,46.99928960524825
2025,3,F9,GRR,70,10,5.27,0.0,2.91,0.0,1.82,1,0,768,218,0,400,0,150,10.000092256719654
2025,3,MQ,LBB,164,35,8.42,2.12,11.46,0.0,13.0,7,1,1872,491,110,379,0,892,34.99915315333164
2025,4,UA,RIC,60,17,4.64,0.0,4.16,0.0,8.2,0,0,1060,218,0,122,0,720,16.999839770605618
2025,3,ZW,MCI,57,14,4.74,2.06,5.47,0.0,1.73,3,1,717,131,173,178,0,235,14.000162564652086
2025,3,DL,SDF,208,36,13.23,0.93,8.94,0.0,12.89,1,1,1821,666,100,368,0,687,35.98985880002924
2025,3,9E,HPN,109,21,9.65,3.67,3.1,0.0,4.59,2,6,1926,597,630,213,0,486,21.009544399089307
2025,3,UA,LIH,104,8,3.1,0.0,3.59,0.0,1.3,0,0,420,233,0,103,0,84,7.989634821178193
2025,4,YX,CAE,57,17,2.61,0.0,8.23,0.0,6.16,0,0,712,135,0,291,0,286,17.00050636084564
2025,3,YX,ROC,93,12,1.49,1.0,3.68,0.0,5.83,0,1,1525,104,744,113,0,564,11.999882697640118
2025,4,WN,DTW,340,57,22.34,0.77,6.23,0.0,27.65,3,1,3438,1071,55,366,0,1946,56.9904109383875
2025,3,UA,COS,56,8,3.49,0.0,2.08,0.0,2.43,0,0,505,166,0,175,0,164,7.999584242485511
2025,4,G4,BMI,16,1,0.09,0.0,0.0,0.0,0.91,0,1,53,5,0,0,0,48,1.0004340213041303
2025,4,OH,PIT,88,16,5.11,0.0,3.24,0.0,7.65,0,0,831,213,0,141,0,477,16.000388927335948
2025,4,QX,LAS,163,34,7.71,0.0,16.05,0.0,10.23,2,0,1726,366,0,569,0,791,33.98976257876589
2025,4,PT,PIT,13,1,0.0,0.0,1.0,0.0,0.0,0,0,25,0,0,25,0,0,1.00031446826776
2025,3,DL,MIA,1003,293,95.97,2.65,137.48,0.94,55.97,5,4,21180,6572,246,8982,30,5350,293.0092248184595
2025,4,F9,DEN,1793,498,105.85,13.24,184.79,0.0,194.13,24,2,37483,6842,1106,10944,0,18591,498.0106112207038
2025,4,G4,FAR,86,6,0.94,0.94,4.12,0.0,0.0,0,0,306,206,16,84,0,0,6.000561865279288
2025,3,YX,ICT,2,1,0.3,0.0,0.0,0.0,0.7,0,0,57,17,0,0,0,40,1.0002620616341744
2025,3,NK,SDF,59,7,2.4,0.0,4.6,0.0,0.0,1,1,478,100,0,378,0,0,6.998679362384799
2025,4,OO,BDL,18,5,3.6,1.0,0.4,0.0,0.0,0,0,197,129,62,6,0,0,5.000189840232373
2025,3,9E,ALB,62,11,3.73,0.0,1.67,0.0,5.6,2,0,699,189,0,62,0,448,10.999614812147165
2025,4,DL,BZN,150,27,14.72,0.0,4.61,0.0,7.67,1,1,1306,676,0,186,0,444,27.000053219152022
2025,3,MQ,MCI,124,35,8.98,2.27,11.36,0.0,12.39,5,0,1459,313,122,357,0,667,34.999136877370425
2025,3,DL,ICT,88,13,7.83,0.0,1.41,0.0,3.77,1,0,626,409,0,32,0,185,13.009848719244992
2025,3,9E,BMI,62,14,6.33,0.0,2.13,0.0,5.54,1,0,1140,445,0,86,0,609,13.999639200652297
2025,3,DL,BDL,293,45,28.35,0.75,6.05,0.0,9.85,3,0,2628,1695,120,302,0,511,44.99971989476161
2025,4,DL,GSO,197,32,11.55,1.97,8.39,0.0,10.09,0,0,2620,1143,240,574,0,663,32.00014881019708
2025,4,OO,GRI,60,7,3.18,0.68,1.21,0.0,1.93,3,0,242,100,21,48,0,73,7.000146115994681
2025,3,OO,RHI,62,5,2.02,0.94,2.04,0.0,0.0,2,0,960,55,701,204,0,0,4.999477019726584
2025,3,OH,IAD,110,22,6.72,0.76,4.6,0.0,9.91,2,0,1479,354,38,272,0,815,21.99017098235705
2025,4,OO,SJC,723,79,39.35,4.91,12.93,0.0,21.81,1,0,3640,1579,270,847,0,944,79.00023559433802
2025,4,OO,LAN,75,10,5.07,3.55,1.38,0.0,0.0,0,0,778,357,244,177,0,0,10.000308911219541
2025,3,G7,CID,57,16,4.2,0.0,3.25,0.0,8.55,1,1,1426,290,0,141,0,995,16.000361741276087
2025,3,WN,LGA,968,249,67.47,8.48,96.93,1.0,75.12,8,3,15795,5310,567,5308,36,4574,248.99997884555205
2025,4,YX,BGR,29,8,3.13,0.0,2.35,0.0,2.52,2,0,1886,1214,0,109,0,563,8.000576284436427
2025,4,DL,GPT,111,15,6.62,0.15,2.04,0.0,6.19,0,0,854,294,3,162,0,395,15.000113854101485
2025,4,HA,JFK,30,17,14.09,0.0,0.81,1.19,0.9,0,0,616,425,0,56,24,111,16.989077408832685
2025,3,F9,RNO,23,6,1.31,0.38,1.59,0.0,2.72,1,0,305,62,8,68,0,167,6.000164704750269
2025,3,NK,MSY,649,128,32.18,2.09,60.27,0.14,33.32,5,0,9704,2428,181,4446,11,2638,127.99858647394379
2025,3,G4,CAK,77,22,8.76,0.95,6.65,0.0,5.64,0,0,2576,1057,190,527,0,802,22.00016883169117
2025,4,9E,DHN,86,16,4.41,0.91,3.85,0.0,6.82,2,0,1372,755,103,182,0,332,15.989889681046435
2025,3,UA,MSO,62,10,3.38,0.0,2.96,0.0,3.66,0,0,510,126,0,179,0,205,9.99958412626841
2025,4,UA,MSP,373,117,37.99,1.85,37.16,0.0,40.0,0,0,8842,2247,126,1494,0,4975,117.00004024904423
2025,3,F9,PBI,156,41,7.96,0.0,17.47,0.0,15.57,4,0,3084,814,0,1249,0,1021,41.00005977589237
2025,4,AA,ONT,319,81,23.14,5.12,16.24,0.64,35.87,5,0,4709,995,618,583,21,2492,81.00927888878566
2025,4,AA,LBB,53,20,6.23,2.09,1.83,0.0,9.85,1,0,1421,446,74,84,0,817,19.999833029550217
2025,3,MQ,STS,22,2,0.42,0.0,1.32,0.0,0.26,0,0,35,8,0,22,0,5,1.9991352841197312
2025,3,OO,TYR,93,22,14.47,0.94,0.59,0.0,6.0,7,0,1008,622,171,25,0,190,21.999657149377086
2025,3,9E,ORF,181,36,6.62,0.0,12.82,0.0,16.56,3,0,3107,930,0,737,0,1440,35.99966752047877
2025,4,AA,HNL,210,40,11.79,3.64,13.0,0.0,11.57,0,0,3995,879,813,401,0,1902,39.99964143835411
2025,4,DL,CAE,123,29,14.31,0.92,4.08,0.0,9.7,0,0,2367,934,165,208,0,1060,29.010083467482573
2025,4,G4,PSM,82,10,5.32,1.42,2.17,0.79,0.3,0,1,899,689,135,52,15,8,10.000046151459955
2025,4,UA,RDU,409,63,20.41,1.0,16.74,0.0,24.85,4,0,3626,1094,64,670,0,1798,62.999820038979294
2025,3,PT,FLO,88,6,1.0,1.0,0.07,0.0,3.93,1,0,260,44,94,2,0,120,6.00007813614387
2025,4,G7,RDU,6,1,1.0,0.0,0.0,0.0,0.0,0,0,63,63,0,0,0,0,1.0005803840708296
2025,4,UA,CVG,176,32,14.5,0.71,3.13,0.0,13.66,1,0,2282,894,30,178,0,1180,31.999829327896585
2025,3,NK,CLE,70,9,1.36,0.22,5.47,0.0,1.95,2,0,844,31,52,529,0,232,8.998642448431177
2025,3,OO,CYS,62,11,4.94,0.0,2.16,0.0,3.9,1,0,2556,977,0,184,0,1395,11.000044927151158
2025,4,YV,PSP,8,0,0.0,0.0,0.0,0.0,0.0,0,0,0,0,0,0,0,0,-0.0007064924630952873
2025,4,DL,BHM,251,45,24.84,3.96,8.62,0.0,7.58,4,0,3328,1588,715,484,0,541,44.999860856431916
2025,3,WN,MAF,291,54,15.16,0.0,10.88,0.0,27.96,1,0,2520,509,0,285,0,1726,54.00021269638932
2025,3,QX,ABQ,23,2,1.13,0.0,0.29,0.0,0.58,0,0,48,21,0,9,0,18,1.9995115385178934
2025,3,UA,STL,203,36,13.4,0.44,8.08,0.0,14.07,0,0,2114,859,21,330,0,904,35.98960021675669
2025,4,AA,BOI,60,23,2.98,1.71,2.01,0.0,16.3,0,0,1883,123,284,82,0,1394,22.99967903632536
2025,4,DL,SDF,215,34,17.12,2.24,8.57,0.0,6.08,2,0,1993,778,379,546,0,290,34.009961887139404
2025,4,AA,JFK,1137,233,61.94,7.54,87.12,0.0,76.4,8,3,18334,4271,435,3334,0,10294,233.00065359982085
2025,4,UA,OMA,259,53,20.77,1.11,12.42,0.0,18.71,1,0,2841,766,38,442,0,1595,53.009847267193685
2025,4,G4,IDA,37,2,0.0,0.0,0.3,0.0,1.7,0,1,333,0,0,74,0,259,2.0004482696334804
2025,3,G7,MSN,46,8,2.03,0.0,0.66,0.0,5.31,0,0,558,188,0,58,0,312,8.000335863145217
2025,4,OO,OTH,30,4,1.0,0.0,2.0,0.0,1.0,0,0,202,55,0,101,0,46,4.000163454525911
2025,3,OO,OMA,425,72,40.91,10.77,9.64,0.0,10.67,18,1,9227,6014,1691,623,0,899,71.9895947160515
2025,4,AA,BFL,82,23,7.83,1.33,0.88,0.0,12.95,0,0,2089,665,63,59,0,1302,22.989809335307427
2025,4,MQ,CWA,61,9,2.6,0.0,3.9,0.0,2.51,1,0,354,160,0,95,0,99,9.009356658339932
2025,3,UA,ICT,63,19,7.09,0.0,2.23,0.0,9.69,0,1,1096,390,0,69,0,637,19.009565821424317
2025,3,WN,ATL,2425,391,117.43,7.92,96.04,0.0,169.61,18,7,24795,6640,1232,4442,0,12481,390.9998472065646
2025,4,B6,PHL,90,14,4.76,0.0,3.54,0.0,5.7,0,0,962,464,0,88,0,410,14.000390415615819
2025,4,PT,RIC,150,33,6.23,0.15,4.97,0.0,21.64,1,0,2115,591,16,217,0,1291,32.99026144575184
2025,3,OO,FWA,277,65,42.67,2.0,7.06,0.0,13.27,5,0,4956,3243,130,478,0,1105,64.99978730113152
2025,4,9E,MLI,60,18,4.2,1.63,6.22,0.0,5.95,0,0,2083,302,685,281,0,815,17.999599840949678
2025,3,OO,HOB,62,15,5.05,1.0,4.96,0.0,3.99,4,0,1470,904,91,226,0,249,14.999922605064839
2025,3,G4,GSO,17,7,3.91,1.0,1.14,0.0,0.94,0,0,363,129,94,25,0,115,6.990197697722337
2025,4,OH,MEM,165,38,9.61,0.0,13.08,0.0,15.31,8,0,2905,917,0,568,0,1420,38.00033506890369
2025,3,DL,JAX,430,112,57.0,1.0,21.07,0.0,32.93,2,0,7131,4155,59,982,0,1935,111.99968546993802
2025,3,AS,MSP,62,7,6.0,0.0,1.0,0.0,0.0,0,0,300,278,0,22,0,0,6.9993607300759635
2025,3,OO,JAX,8,1,0.0,0.0,0.0,0.0,1.0,0,0,19,0,0,0,0,19,0.9999199693514811
2025,3,WN,PDX,693,123,37.45,1.0,13.24,1.0,70.31,0,0,5790,1725,80,404,17,3564,122.99945719959679
2025,4,MQ,CRP,209,43,8.03,3.95,11.38,0.0,19.64,6,0,2184,348,237,468,0,1131,42.9994423270828
2025,4,UA,MCO,1273,225,60.55,6.12,91.36,0.0,66.98,4,1,13806,3389,375,3222,0,6820,225.0105157691448
2025,4,HA,SEA,109,44,41.12,0.07,0.0,1.0,1.82,0,0,1531,1462,2,0,28,39,44.009026334622106
2025,3,9E,GFK,85,10,3.32,0.0,2.08,0.0,4.59,1,1,759,241,0,111,0,407,9.989657444617322
2025,4,OO,RDD,130,22,9.68,2.0,4.41,0.0,5.91,0,0,2365,812,138,829,0,586,22.000183924908526
2025,4,UA,SJU,278,42,15.6,0.0,19.23,0.0,7.17,0,0,3048,1523,0,946,0,579,41.99990712373182
2025,3,NK,MIA,526,112,24.72,4.18,63.49,0.0,19.61,3,1,9700,2064,245,5712,0,1679,111.99871539780506
2025,4,AS,BNA,99,26,8.67,0.0,13.05,0.0,4.28,1,0,1335,431,0,642,0,262,25.99958229330427
2025,4,OO,IND,29,4,2.5,0.26,1.24,0.0,0.0,1,0,173,130,9,34,0,0,4.000160317500153
2025,4,B6,PVD,288,33,11.83,0.59,9.31,0.0,11.27,0,0,1918,517,189,289,0,923,33.000326332705335
2025,4,B6,BNA,88,16,6.51,0.0,4.74,0.0,4.75,0,1,661,236,0,173,0,252,16.00035122010302
2025,3,9E,FAY,112,26,11.95,1.0,4.7,0.0,8.35,0,1,1690,522,39,419,0,710,25.999652041592682
2025,4,YX,ORF,259,50,13.9,2.41,21.68,0.0,12.01,0,0,2305,702,226,734,0,643,50.00059703698636
2025,4,ZW,CVG,3,2,0.0,1.38,0.0,0.0,0.62,0,0,285,0,228,0,0,57,2.000334207559831
2025,3,QX,FCA,111,14,4.54,1.0,4.15,0.0,4.31,0,0,483,145,66,96,0,176,13.999563288486726
2025,4,HA,ONT,30,17,14.49,0.0,0.88,0.0,1.63,0,0,561,426,0,14,0,121,16.999752284972097
2025,3,YV,SBN,2,2,1.0,0.0,1.0,0.0,0.0,0,0,63,15,0,48,0,0,1.9990467441037083
2025,4,F9,MCO,1772,400,116.69,9.29,86.34,0.0,187.68,17,1,35128,10327,1029,3740,0,20032,400.0008557547068
2025,3,MQ,BRO,71,9,1.26,0.47,4.26,0.0,3.01,2,1,596,130,27,90,0,349,8.999175495484444
2025,3,DL,JFK,2476,541,151.83,11.58,247.11,0.0,130.48,16,13,45883,15680,3155,16042,0,11006,540.9988209211148
2025,4,AA,ALB,109,38,13.45,0.17,11.31,0.0,13.06,0,0,2188,686,17,320,0,1165,37.98971846779884
2025,4,QX,ALW,60,4,1.26,0.0,0.76,0.0,1.97,0,0,178,84,0,28,0,66,3.9897579175511524
2025,4,MQ,GSP,123,16,6.03,0.01,2.31,0.0,7.65,2,0,1292,706,2,97,0,487,15.99934223524344
2025,4,OO,GRK,57,14,6.54,1.0,0.69,1.0,4.77,3,0,588,286,47,14,124,117,14.000186039422516
2025,4,OH,ABE,60,16,4.64,1.0,2.4,0.0,7.95,0,0,1364,493,36,97,0,738,15.990497200571596
2025,4,AA,BHM,59,21,6.09,0.33,2.97,0.0,11.61,3,0,2303,983,20,136,0,1164,20.999737737862702
2025,4,G4,PBG,58,2,0.88,0.95,0.17,0.0,0.0,0,0,294,69,205,20,0,0,2.000384623220114
2025,3,NK,BOI,21,1,1.0,0.0,0.0,0.0,0.0,0,0,60,60,0,0,0,0,0.9986993904566788
2025,4,B6,ISP,90,9,2.46,0.95,4.48,0.0,1.11,1,0,419,157,54,155,0,53,9.000433208690652
2025,4,MQ,EVV,60,14,1.89,0.23,3.7,0.0,8.17,3,0,752,52,7,195,0,498,13.989312190365787
2025,3,AA,DFW,14267,3105,702.31,160.03,1046.47,4.67,1191.53,355,72,292399,89820,30690,53388,199,118302,3105.002012443814
2025,4,DL,PSC,30,2,1.56,0.0,0.44,0.0,0.0,0,0,74,67,0,7,0,0,2.00013787529096
2025,3,QX,BZN,129,14,7.12,1.0,2.95,0.0,2.93,0,0,616,391,40,94,0,91,13.999572234300018
2025,4,G4,HOU,26,7,0.67,0.0,3.09,0.0,3.24,0,1,218,30,0,72,0,116,7.000434885496254
2025,3,DL,OKC,150,27,12.85,0.22,4.46,0.0,9.47,3,0,1490,710,33,263,0,484,26.99977357692014
2025,4,9E,STL,139,35,12.56,0.0,10.87,0.0,11.57,0,0,1888,907,0,452,0,529,34.99984763567545
2025,4,OO,LIT,202,51,25.92,6.68,14.2,0.0,4.2,1,1,3417,1240,535,1105,0,537,51.000266796291726
2025,4,G7,CLE,21,7,1.61,0.0,2.01,0.0,3.38,0,0,924,58,0,140,0,726,7.000617382673035
2025,4,NK,BUR,114,15,5.91,0.0,4.36,0.0,4.73,0,0,1112,262,0,207,0,643,14.998957841748727
2025,3,G7,CLT,5,1,0.0,0.0,0.0,0.0,1.0,0,0,103,0,0,0,0,103,1.0003507878870153
2025,4,C5,PIT,8,0,0.0,0.0,0.0,0.0,0.0,0,0,0,0,0,0,0,0,0.0003440537705614588
2025,4,PT,HTS,82,10,3.98,0.87,0.25,0.0,4.9,0,1,1428,303,110,35,0,980,10.000372175227113
2025,3,B6,SRQ,116,26,13.3,0.04,8.83,0.0,3.82,2,0,1313,611,1,448,0,253,25.99004606015903
2025,3,WN,ABQ,986,168,55.2,2.08,22.18,0.0,88.54,10,5,7981,2758,94,702,0,4427,167.9999422021255
2025,3,WN,BDL,328,77,27.14,0.32,13.89,0.0,35.66,6,0,4696,1285,18,488,0,2905,77.01012838466407
2025,3,C5,CLE,9,5,1.45,0.0,1.85,0.0,1.71,0,0,350,67,0,59,0,224,5.010110789552108
2025,4,C5,LFT,121,18,4.98,3.6,3.16,0.0,6.27,0,0,1196,196,289,157,0,554,18.01048108330555
2025,3,PT,HSV,99,12,2.81,0.88,1.83,0.0,6.47,1,1,781,131,100,59,0,491,11.990080280081266
2025,3,OO,LFT,62,19,11.87,1.0,2.13,0.0,4.0,1,1,1121,729,154,67,0,171,18.99983353344833
2025,4,OO,IMT,60,10,7.68,1.98,0.34,0.0,0.0,0,1,1950,1488,439,23,0,0,10.000094491751994
2025,3,DL,LIH,62,14,7.4,0.0,3.6,0.0,3.0,0,0,746,495,0,124,0,127,13.999875898610256
2025,3,AA,ROC,90,13,5.33,0.0,1.22,0.0,6.45,0,0,684,398,0,32,0,254,12.999464292211258
2025,4,OO,FAR,210,44,21.76,4.0,7.25,0.0,10.99,2,0,2768,1335,146,530,0,757,44.000298494908115
2025,4,G4,EWR,41,7,4.66,0.0,2.34,0.0,0.0,0,0,317,217,0,100,0,0,7.000410511163338
2025,4,MQ,MSY,53,11,2.36,0.33,5.56,0.0,2.75,2,0,529,85,17,304,0,123,10.999340096258237
2025,3,G7,RIC,228,69,18.01,1.16,10.56,0.0,39.27,1,0,10469,1426,97,500,0,8446,69.00085307011399
2025,3,YX,CVG,411,51,22.64,1.75,8.51,0.0,18.11,2,1,3338,1517,332,360,0,1129,51.010143546167356
2025,4,AA,AVL,27,18,3.46,0.85,11.75,0.0,1.95,0,0,1208,235,393,331,0,249,18.009579990592606
2025,4,YX,EYW,115,10,2.15,0.0,6.46,0.0,1.39,0,0,375,72,0,215,0,88,10.000545503705908
2025,3,HA,SJC,61,12,9.26,0.0,0.0,0.0,2.74,0,0,648,540,0,0,0,108,11.999577545111649
2025,3,G4,SPI,20,2,1.13,0.0,0.0,0.0,0.88,0,0,61,47,0,0,0,14,2.010180112498958
2025,3,MQ,VPS,33,6,1.2,0.8,1.06,0.0,2.94,0,0,508,180,58,139,0,131,5.999148891281443
2025,4,HA,HNL,2621,446,207.37,18.41,21.34,1.22,197.66,32,0,19428,9679,522,511,24,8692,445.9984785142493
2025,4,9E,ATW,59,8,2.42,0.0,0.69,0.0,4.89,0,0,887,421,0,107,0,359,7.999900675219443
2025,3,UA,GSP,34,8,2.33,1.29,0.0,0.0,4.38,0,0,1637,817,625,0,0,195,7.99931114771055
2025,4,OO,MRY,360,52,23.02,1.94,9.89,0.0,17.15,0,1,2913,1324,223,547,0,819,52.00009611977298
2025,4,NK,EWR,774,243,23.67,9.49,191.95,0.0,17.89,16,3,23743,1861,869,18848,0,2165,242.99832275244134
2025,4,WN,DCA,1325,267,70.23,9.0,78.34,0.0,109.43,8,1,16171,4195,710,3494,0,7772,267.00070750882685
2025,4,G4,GSO,16,4,1.39,0.0,2.61,0.0,0.0,0,0,159,25,0,134,0,0,4.000421850941663
2025,3,G4,LAS,672,118,22.59,6.04,51.37,0.23,37.77,2,0,9803,3590,565,3451,7,2190,118.0003192348826
2025,4,OO,MCW,51,7,4.76,0.0,1.76,0.0,0.48,0,0,379,317,0,46,0,16,7.000155424589238
2025,3,YV,XNA,22,1,0.0,0.0,1.0,0.0,0.0,0,0,27,0,0,27,0,0,0.9990665039283471
2025,4,AS,BWI,37,12,7.01,0.0,2.17,0.0,2.82,0,0,294,178,0,63,0,53,11.999553618504777
2025,4,OH,CAK,145,42,19.02,0.91,8.22,0.0,13.85,1,0,3148,1415,82,386,0,1265,42.00038686503976
2025,4,PT,MHT,90,12,5.49,1.0,0.92,0.0,4.59,0,0,562,276,55,24,0,207,12.00033390682183
2025,3,WN,STL,3544,563,145.32,5.9,118.19,1.17,292.41,26,13,35841,8618,532,6268,29,20394,562.989256362337
2025,3,PT,ROA,247,58,14.41,5.24,16.7,0.0,21.65,1,2,3298,1010,436,550,0,1302,58.0002523389802
2025,3,DL,HDN,39,7,5.6,0.0,1.27,0.0,0.13,0,1,385,328,0,48,0,9,6.999887226953398
2025,4,AA,PDX,375,94,29.72,4.04,11.51,0.0,48.73,5,0,6142,1884,245,538,0,3475,93.99971543609902
2025,3,OO,DFW,2787,671,334.86,122.8,100.03,2.7,110.61,176,13,64741,33946,14500,7308,121,8866,670.9968553082231
2025,3,MQ,ABQ,67,14,3.84,0.93,4.42,0.0,4.81,0,1,689,119,64,167,0,339,13.999168869011804
2025,3,F9,MCO,1856,432,107.16,3.58,111.84,0.0,209.43,39,0,48046,15269,610,9112,0,23055,432.010137215658
2025,4,MQ,HSV,108,25,4.45,1.11,9.86,0.0,9.58,4,1,1141,246,42,400,0,453,24.999371288094196
2025,3,OO,CHO,74,16,11.73,0.0,1.73,0.0,2.54,0,0,635,421,0,103,0,111,15.999838647051362
2025,4,UA,SDF,60,12,3.38,0.0,6.32,0.0,2.29,0,0,975,245,0,237,0,493,11.989890779545647
2025,3,AS,JNU,341,42,11.22,3.05,10.36,0.0,17.37,0,9,2860,733,610,285,0,1232,41.99936016721029
2025,4,AA,MKE,210,62,20.48,1.9,8.26,0.0,31.36,4,0,4248,1359,93,277,0,2519,61.999715265089506
2025,3,MQ,JAX,125,22,6.03,1.08,8.31,0.0,6.57,1,0,1115,251,85,377,0,402,21.9891452902192
2025,3,YV,BWI,22,0,0.0,0.0,0.0,0.0,0.0,0,0,0,0,0,0,0,0,-0.0009383743598192495
2025,4,WN,SBA,133,27,10.91,0.0,0.68,0.0,15.41,0,0,1043,338,0,25,0,680,27.00040646388249
2025,3,OO,BTM,57,7,2.71,1.5,1.05,0.0,1.74,0,1,680,454,69,80,0,77,7.0000389750187395
2025,3,9E,BGM,31,8,5.45,0.25,0.0,0.0,2.3,0,0,594,324,14,0,0,256,7.999647725419656
2025,4,OO,MFE,145,30,16.33,5.89,4.04,0.0,3.74,2,0,1996,1181,316,279,0,220,30.000403097848668
2025,4,MQ,TRI,32,9,1.76,0.21,3.77,0.0,3.26,1,0,592,30,6,268,0,288,8.999349825051354
2025,4,OO,AUS,579,102,47.44,29.48,18.29,0.0,6.79,5,1,6486,3136,1880,1045,0,425,102.0014452819469
2025,3,WN,RNO,738,135,34.39,0.95,20.07,0.55,79.03,5,7,6986,1864,41,656,42,4383,134.99000028055806
2025,3,QX,SEA,1700,249,47.08,8.36,97.95,0.0,95.61,8,5,12130,4030,644,3175,0,4281,249.00007722608063
2025,3,AA,PDX,334,93,30.7,1.51,16.06,0.0,44.73,1,0,4799,1568,81,633,0,2517,92.99934093977767
2025,4,G4,BIL,25,2,0.33,0.96,0.0,0.0,0.71,0,0,93,5,75,0,0,13,2.0004634647660993
2025,4,AA,PIT,531,129,41.28,6.31,21.97,0.0,59.44,3,2,8509,2410,708,958,0,4433,128.99964342764162
2025,3,MQ,LAN,49,16,2.14,1.81,2.14,0.0,9.91,1,0,685,48,143,76,0,418,15.999134052304619
2025,4,MQ,STS,30,4,0.51,0.0,1.23,0.0,2.26,0,0,108,13,0,39,0,56,3.9993579457402504
2025,3,G7,SAV,1,0,0.0,0.0,0.0,0.0,0.0,0,0,0,0,0,0,0,0,0.0003483990809201032
2025,4,G4,SPI,9,1,1.0,0.0,0.0,0.0,0.0,0,0,96,96,0,0,0,0,1.0004249540155428
2025,3,HA,SLC,31,5,3.0,0.0,0.0,0.0,2.0,0,1,251,79,0,0,0,172,4.999622224748165
2025,3,AA,PIT,412,91,32.1,2.73,13.5,0.0,42.68,6,1,5670,1847,109,514,0,3200,91.00947196447358
2025,4,OO,CRW,149,28,18.33,4.88,2.79,0.0,2.0,3,1,1722,1267,284,84,0,87,28.000323518989326
2025,4,G4,STC,18,2,1.83,0.0,0.1,0.0,0.07,0,0,67,61,0,4,0,2,2.000415768893859
2025,4,F9,CLT,210,41,9.6,0.32,9.14,0.0,21.94,4,0,3433,701,26,413,0,2293,41.000405121644306
2025,4,OO,MDW,176,23,16.05,3.28,3.67,0.0,0.0,0,0,1184,780,204,200,0,0,23.000271096679924
2025,3,OH,LEX,203,46,15.28,0.02,12.08,0.0,18.62,4,1,2547,877,2,422,0,1246,46.000082036793785
2025,3,OO,ILM,4,2,2.0,0.0,0.0,0.0,0.0,0,0,44,44,0,0,0,0,1.999906578302145
2025,3,MQ,BFL,5,0,0.0,0.0,0.0,0.0,0.0,0,0,0,0,0,0,0,0,-0.0008727500661223075
2025,3,MQ,PHX,1021,132,22.12,10.88,51.54,0.0,47.47,8,2,6510,1142,856,1756,0,2756,132.00966027283903
2025,3,DL,TUL,116,24,12.13,0.0,3.2,0.0,8.67,0,0,1249,643,0,196,0,410,23.999815869364724
2025,3,G7,STL,199,41,10.77,2.0,6.97,0.0,21.26,0,1,5511,1584,328,246,0,3353,41.00054433990621
2025,4,NK,LGA,413,78,19.26,0.63,40.39,0.0,17.73,4,0,7146,1632,46,2533,0,2935,78.00908259390125
2025,3,OH,SYR,115,45,7.79,0.66,5.72,0.0,30.83,5,1,2810,613,17,208,0,1972,45.00008401847306
2025,3,AA,STT,228,45,14.44,0.0,20.05,0.0,10.51,0,0,3836,1448,0,1203,0,1185,44.99955057271987
2025,4,DL,STX,14,5,0.86,0.0,4.14,0.0,0.0,0,0,156,18,0,138,0,0,5.000150499756771
2025,4,MQ,AVL,123,22,7.73,0.38,7.26,0.0,6.63,1,0,1311,349,38,562,0,362,21.99929939923547
2025,3,HA,AUS,9,3,1.57,0.43,0.0,0.0,1.0,0,0,181,104,61,0,0,16,2.9996171152728692
2025,3,WN,PIT,975,213,70.31,1.36,31.82,0.0,109.5,9,0,15140,4852,135,1336,0,8817,212.9900540068062
2025,3,F9,FAR,21,2,0.45,0.0,0.0,0.0,1.55,1,0,118,27,0,0,0,91,2.0001394397454106
2025,4,YV,GSP,23,2,0.51,0.0,1.0,0.0,0.49,0,0,339,164,0,17,0,158,1.9993229208146062
2025,3,UA,BWI,287,51,18.19,1.45,17.28,0.0,14.08,0,0,3119,1153,37,601,0,1328,50.99976533635258
2025,4,B6,SJU,907,149,59.96,3.18,41.18,0.61,44.07,1,3,9106,3652,362,1609,14,3469,149.00007471928419
2025,3,AS,BRW,31,3,1.0,1.0,0.0,0.0,1.0,0,0,222,28,24,0,0,170,2.9994669004299084
2025,4,PT,GSO,148,22,4.96,0.0,7.51,0.0,9.53,0,0,968,188,0,230,0,550,22.000314533283266
2025,3,MQ,HPN,124,21,4.02,2.07,8.76,0.0,6.15,7,6,1697,236,404,292,0,765,20.999030202370356
2025,4,WN,ELP,757,136,35.21,4.69,14.09,0.0,82.02,4,0,8617,1986,440,583,0,5608,136.01045693889552
2025,4,WN,ALB,335,68,27.11,2.36,5.38,1.0,32.14,0,0,4459,1522,87,312,27,2511,67.99004781822856
2025,4,9E,TRI,133,30,14.61,1.32,3.28,0.0,10.78,1,0,2157,783,284,219,0,871,29.98972707981609
2025,3,OH,HPN,228,70,17.64,3.3,18.93,0.0,30.13,12,6,4993,974,559,860,0,2600,69.9999171332444
2025,4,OO,DLH,167,29,12.78,6.77,3.93,0.0,5.52,2,1,2347,1274,676,166,0,231,29.000292368382382
2025,4,DL,HOU,127,17,5.88,0.63,5.83,0.0,4.65,0,2,1206,337,54,463,0,352,16.990156885722612
2025,3,B6,SAV,88,22,11.6,0.62,2.51,0.0,7.27,1,0,2041,1085,18,135,0,803,22.00016268943525
2025,3,MQ,MSN,83,23,4.81,1.46,4.61,0.0,12.12,1,0,1497,322,72,215,0,888,22.99918267292474
2025,3,MQ,BHM,121,21,4.55,0.68,9.08,0.0,6.69,4,0,1185,255,77,491,0,362,20.99906514043444
2025,4,ZW,MKE,11,6,1.99,1.39,0.63,0.0,2.0,0,0,722,131,234,39,0,318,6.010334604661395
2025,3,WN,RDU,822,158,52.13,1.72,33.11,0.5,70.54,7,0,8986,2248,96,1422,42,5178,158.00000883068822
2025,3,9E,STL,127,25,4.71,0.0,11.86,0.0,8.43,1,0,1197,215,0,415,0,567,24.99967034644559
2025,4,DL,ANC,136,23,9.25,0.0,10.19,0.0,3.56,0,0,1214,718,0,282,0,214,23.000172611107295
2025,3,AA,HNL,221,44,23.94,0.0,12.36,0.0,7.69,0,1,5409,3282,0,374,0,1753,43.98971551205266
2025,3,HA,LAS,134,22,18.57,0.74,0.0,1.0,1.68,0,0,1018,711,98,0,143,66,21.989708558048243
2025,4,YV,RIC,64,8,1.4,0.0,3.54,0.0,3.05,0,0,423,78,0,93,0,252,7.9893175478631235
2025,4,UA,CLT,329,70,21.78,1.12,25.11,0.0,21.99,1,1,5007,1521,121,1175,0,2190,69.99990782599497
2025,4,AA,LIH,60,6,2.05,0.0,0.02,0.0,3.93,0,0,526,80,0,4,0,442,5.999737932457684
2025,4,G4,MCO,38,2,2.0,0.0,0.0,0.0,0.0,0,0,378,378,0,0,0,0,2.0004456161354085
2025,4,9E,PWM,115,14,4.66,1.58,3.77,0.0,3.99,0,0,1064,249,484,82,0,249,13.9997144501353
2025,4,WN,AMA,144,29,8.57,0.77,2.37,0.0,17.3,3,0,1756,429,20,186,0,1121,29.010471559014945
2025,4,AA,SLC,303,82,26.01,5.99,12.28,0.0,37.73,7,1,5931,1434,950,606,0,2941,82.009401846592
2025,4,F9,DCA,90,17,4.85,0.65,3.66,0.0,7.83,0,0,1018,194,35,183,0,606,16.990416793057825
2025,3,AS,DAL,23,6,0.89,0.16,1.14,0.0,3.81,1,0,344,25,11,61,0,247,5.999361802112659
2025,3,MQ,MEM,153,31,4.7,4.12,13.07,0.0,9.11,4,0,1829,291,260,518,0,760,30.99932007355079
2025,3,AA,DTW,483,131,40.62,3.85,23.43,1.0,62.11,5,0,7336,2124,761,772,17,3662,131.0084039791007
2025,3,AA,PHX,5080,883,276.73,23.27,265.35,0.83,316.82,33,5,79175,32511,2997,10144,161,33362,883.0019213410491
2025,3,YV,BHM,19,4,2.04,0.0,0.0,0.0,1.96,0,1,249,87,0,0,0,162,3.999049367155898
2025,3,YX,LIT,31,7,2.13,0.0,2.77,0.0,2.1,1,0,1215,983,0,120,0,112,7.00031200560349
2025,3,NK,PHL,363,46,15.23,0.24,24.37,0.22,5.94,7,0,2826,868,6,1628,8,316,45.998485901929115
2025,4,DL,HSV,210,37,15.4,2.0,3.58,0.0,16.03,0,1,2360,692,259,278,0,1131,37.010060811042365
2025,4,MQ,BUF,103,19,4.04,1.51,6.59,0.0,6.86,1,1,793,138,48,155,0,452,18.999478733847603
2025,3,UA,SAV,86,18,5.73,0.66,4.95,0.0,6.66,0,0,1260,356,23,250,0,631,17.999651825513105
2025,4,G7,EWR,565,167,13.92,3.51,101.56,0.0,48.01,31,6,22190,1080,653,13872,0,6585,166.9993550943347
2025,4,WN,SEA,570,125,42.38,0.21,9.93,0.0,72.47,0,0,6876,1979,25,318,0,4554,124.99023095817108
2025,3,C5,CMH,11,3,2.0,0.0,1.0,0.0,0.0,0,0,119,100,0,19,0,0,3.000099454355933
2025,3,PT,MKE,31,3,0.0,0.86,1.21,0.0,0.94,0,1,69,0,18,21,0,30,3.0101562569110314
2025,4,DL,GEG,207,39,23.17,0.0,7.15,0.0,8.67,0,0,1754,1128,0,244,0,382,38.99002063595866
2025,4,UA,BUF,89,12,2.93,0.0,2.03,0.0,7.03,3,0,747,151,0,110,0,486,11.989784909926996
2025,4,G4,ALB,82,13,5.89,0.85,2.87,1.0,2.39,0,0,1239,462,23,282,226,246,13.001184421647807
2025,4,UA,SPN,30,0,0.0,0.0,0.0,0.0,0.0,0,0,0,0,0,0,0,0,-0.00015009287378120462
2025,3,B6,BQN,122,26,10.78,0.0,5.6,0.0,9.61,0,0,1699,709,0,216,0,774,25.990116406243843
2025,4,9E,SYR,220,47,15.12,0.0,13.86,0.0,18.02,0,0,3993,1832,0,530,0,1631,46.99998316467763
2025,4,NK,BOI,13,0,0.0,0.0,0.0,0.0,0.0,0,0,0,0,0,0,0,0,-0.0010600202821962057
2025,3,UA,OGG,189,18,7.13,0.4,7.95,0.0,2.53,0,0,883,388,37,260,0,198,18.009658208667155
2025,4,G4,RAP,31,4,0.84,0.93,1.98,0.25,0.0,0,0,248,86,53,92,17,0,4.000420232963343
2025,4,9E,CRW,56,8,1.56,0.3,2.77,0.0,3.37,0,0,763,167,46,238,0,312,7.999894974382208
2025,3,G4,SNA,97,23,7.14,3.0,6.83,0.0,6.03,3,0,1292,567,264,233,0,228,23.000226797407493
2025,4,AS,TUS,60,14,4.63,0.0,3.19,0.0,6.18,0,0,608,286,0,123,0,199,13.999581493004456
2025,4,PT,AZO,73,9,3.93,0.02,1.28,0.0,3.77,0,1,2917,224,28,41,0,2624,9.000520518173616
2025,3,OO,MEI,53,13,5.97,2.94,0.23,0.0,3.87,0,0,774,239,219,13,0,303,13.010011477103127
2025,3,UA,EYW,91,29,4.63,1.28,20.36,0.0,2.73,0,3,2300,402,29,1259,0,610,28.999776807248764
2025,3,MQ,HHH,88,12,4.66,1.66,2.43,0.0,3.25,0,1,618,121,271,103,0,123,11.999074108645836
2025,3,OH,DAB,127,16,4.23,0.82,1.66,0.0,9.28,6,0,945,269,23,126,0,527,15.99011937769167
2025,4,AA,CLE,359,97,31.83,2.17,20.13,1.7,41.18,5,1,5883,1832,192,768,29,3062,97.00861740403056
2025,3,WN,DTW,359,73,25.66,1.4,13.04,0.9,32.01,1,0,4818,1289,56,823,18,2632,73.0097565299406
2025,3,OO,PSC,413,63,42.5,4.51,9.22,0.0,6.77,1,0,3327,2314,232,429,0,352,63.00000521715418
2025,4,G4,RFD,70,7,3.67,0.0,2.3,0.0,1.04,0,0,219,113,0,71,0,35,7.010420970943606
2025,3,UA,DRO,62,15,5.23,0.0,1.3,0.0,8.47,0,0,738,164,0,64,0,510,14.99955335179412
2025,3,UA,PSC,3,2,0.01,0.0,0.0,0.0,1.99,0,0,91,1,0,0,0,90,1.9995946704464558
2025,3,OO,FAY,7,1,0.19,0.0,0.81,0.0,0.0,0,0,16,3,0,13,0,0,0.9999300342946356
2025,3,QX,SJC,143,16,6.6,0.0,2.53,0.0,6.87,2,0,845,373,0,91,0,381,15.999471216854317
2025,3,MQ,FSD,115,24,5.82,1.44,7.16,0.0,9.58,4,0,1053,182,88,234,0,549,23.999116447435753
2025,4,DL,FSD,60,20,14.07,0.13,3.85,0.0,1.94,1,0,1447,782,12,286,0,367,19.990059929216244
2025,4,DL,HPN,60,6,2.43,0.0,0.73,0.0,2.84,0,0,555,166,0,53,0,336,6.000149646434075
2025,4,OH,BHM,345,89,25.43,1.41,21.85,0.0,40.31,5,1,6896,1685,115,908,0,4188,89.00046049153859
2025,3,9E,MLU,91,16,3.58,0.76,4.01,0.0,7.65,0,0,1663,231,105,492,0,835,15.999643933653331
2025,3,C5,LBB,84,13,5.96,1.0,2.14,0.0,3.9,2,1,1086,172,648,81,0,185,12.999678944097802
2025,4,WN,DEN,7540,1924,340.13,61.69,931.85,4.38,585.96,47,21,125852,19695,5707,64073,140,36237,1924.007490944165
2025,4,UA,SNA,532,67,25.07,1.15,17.41,0.0,23.37,1,1,3461,1408,52,599,0,1402,66.9999034236206
2025,3,YV,CLT,99,20,8.79,0.57,5.47,0.0,5.18,0,0,906,308,20,206,0,372,20.009060707919105
2025,4,OO,LAR,51,10,1.48,1.0,2.77,0.0,4.75,2,0,686,92,68,140,0,386,10.000181670320622
2025,3,WN,MIA,629,151,32.19,6.93,67.43,0.79,43.67,2,5,12460,3310,866,5007,33,3244,151.00993731507168
2025,3,PT,ART,62,9,2.82,2.19,2.82,0.0,1.17,1,2,1170,182,633,115,0,240,8.999849793841861
2025,4,AS,SCC,48,10,4.82,1.0,2.47,0.0,1.71,1,0,420,243,29,101,0,47,9.999651660621907
2025,4,HA,PDX,60,23,17.31,0.16,1.07,0.53,3.93,0,1,934,564,11,99,8,252,22.99941916828452
2025,4,AA,EUG,87,25,4.88,1.25,1.32,0.0,17.56,1,0,1537,345,68,101,0,1023,25.009720567423983
2025,3,G4,PSC,23,6,0.09,0.0,2.08,0.0,3.82,0,0,337,3,0,62,0,272,5.990197475618814
2025,4,YX,SYR,126,19,5.22,0.0,4.22,0.0,9.56,4,0,1032,376,0,103,0,553,19.000438266463043
2025,4,PT,BDL,81,13,3.43,0.12,3.12,0.0,6.33,0,0,814,280,5,127,0,402,13.000315035762306
2025,3,WN,PWM,95,16,6.39,0.0,1.66,0.0,7.95,0,1,1088,225,0,129,0,734,16.000273984136925
2025,3,DL,LIT,195,33,15.61,0.83,8.6,1.0,6.96,2,1,2208,1069,148,293,41,657,32.99941530688994
2025,4,B6,LAX,603,69,24.85,1.0,21.43,0.0,21.72,1,1,5165,1879,369,843,0,2074,69.00034248475666
2025,3,C5,PWM,51,10,2.65,1.06,0.92,0.0,5.37,0,0,1983,137,684,71,0,1091,9.999775746043113
2025,4,QX,BUR,75,6,2.01,0.0,0.2,0.0,3.79,1,0,410,50,0,8,0,352,5.999744539504626
2025,4,G7,MSN,59,19,4.07,0.0,3.22,0.0,11.71,0,0,1872,181,0,115,0,1576,19.00063322295688
2025,4,QX,FCA,116,10,3.02,0.0,2.07,0.0,4.92,0,0,370,85,0,46,0,239,10.009756055699988
2025,3,PT,STL,1,0,0.0,0.0,0.0,0.0,0.0,0,0,0,0,0,0,0,0,6.852919359801035e-05
2025,4,MQ,OKC,175,31,3.17,1.89,10.83,0.9,14.21,8,2,1545,192,79,370,28,876,30.998951180566422
2025,4,NK,MCI,48,6,2.81,0.0,1.87,0.0,1.32,0,0,313,158,0,81,0,74,5.998932891958091
2025,4,AA,MFE,148,52,13.36,3.24,5.12,0.0,30.29,8,0,4292,1422,118,234,0,2518,52.00981047770014
2025,4,AS,BOI,60,26,5.42,0.0,6.76,0.0,13.82,0,0,1129,413,0,194,0,522,25.999565440019012
2025,3,G4,TUL,27,5,1.03,0.0,3.97,0.0,0.0,0,0,113,26,0,87,0,0,5.00021062095869
2025,3,YV,LFT,12,2,1.04,0.0,0.0,0.0,0.96,0,0,258,46,0,0,0,212,1.9990620704255235
2025,3,F9,ISP,127,36,12.52,0.0,9.93,0.0,13.55,3,2,2311,939,0,599,0,773,36.00005399824401
2025,3,AA,ECP,96,34,9.1,0.0,8.87,0.0,16.03,2,0,2392,615,0,685,0,1092,33.9993814288332
2025,3,DL,TLH,111,23,14.01,0.0,1.42,0.0,7.57,0,0,1390,902,0,48,0,440,22.999830338537343
2025,3,MQ,ORD,2943,713,121.71,37.05,227.91,0.0,326.33,67,9,52714,12531,4549,11263,0,24371,712.9988315620992
2025,3,9E,HSV,61,17,5.54,1.0,3.57,0.0,6.89,0,0,1062,369,65,94,0,534,16.99969864120149
2025,4,G7,GRR,20,3,1.0,1.04,0.0,0.0,0.96,0,0,235,106,65,0,0,64,3.000638462748924
2025,4,G4,OMA,48,7,0.2,0.0,3.01,1.0,2.79,0,1,443,3,0,156,228,56,7.0011520081020535
2025,3,NK,BOS,505,104,24.65,2.97,54.83,0.0,21.55,10,0,6555,1746,132,3099,0,1578,103.99876473513487
2025,4,AA,BUR,60,24,5.93,2.99,5.94,0.0,9.14,1,0,1629,203,378,183,0,865,23.999722600758375
2025,3,PT,RIC,172,33,4.1,2.13,13.67,0.61,12.49,1,0,2600,303,284,603,19,1391,32.99984086273767
2025,4,PT,SBY,148,30,9.31,0.29,5.7,0.0,14.7,0,0,1386,272,27,117,0,970,30.000273813425842
2025,3,YV,MCI,131,33,10.28,0.0,8.05,0.0,14.67,0,0,3041,643,0,331,0,2067,32.999126662042165
2025,4,OO,PHX,3001,401,255.01,26.71,49.14,1.0,69.15,6,2,32941,23000,3507,2471,159,3804,401.01018207228935
2025,3,YX,DCA,2168,438,78.75,12.05,234.29,1.0,111.91,32,5,29415,7318,1593,11089,37,9378,438.0001599542363
2025,3,AA,SFO,983,267,73.95,3.6,100.47,0.0,88.98,8,3,18660,5637,293,4544,0,8186,266.9996961401433
2025,4,G4,SAN,8,2,1.0,0.97,0.03,0.0,0.0,0,0,116,16,97,3,0,0,2.0004413117073767
2025,3,YV,BRO,59,7,3.72,0.0,0.72,0.0,2.56,3,0,332,202,0,12,0,118,6.998990383772586
2025,3,OO,BJI,62,9,6.58,1.28,1.14,0.0,0.0,0,1,436,244,134,58,0,0,8.999925447863056
2025,3,9E,LGA,2525,437,81.72,17.05,199.31,0.0,138.92,25,10,34836,10740,1576,11223,0,11297,437.00064151383674
2025,4,9E,CVG,597,157,46.03,5.67,42.1,0.0,63.21,1,1,12426,3400,1187,1952,0,5887,157.00962995157107
2025,3,F9,CID,12,2,0.37,0.0,0.0,0.0,1.63,0,0,79,22,0,0,0,57,2.000149583855432
2025,4,OO,CRP,30,8,4.92,0.0,1.08,0.0,2.0,0,0,597,393,0,32,0,172,8.000149956685142
2025,3,YV,COS,49,8,5.1,0.0,0.95,0.0,1.95,0,0,447,323,0,38,0,86,7.99903205089543
2025,3,G4,PSP,23,3,0.0,0.0,2.39,0.0,0.61,0,0,528,0,0,509,0,19,3.0001470955184857
2025,4,DL,HRL,26,5,1.3,0.0,2.78,0.0,0.92,0,0,188,36,0,83,0,69,5.000145184122189
2025,3,AA,SRQ,304,63,15.77,2.25,23.37,0.0,21.62,7,4,5658,1376,143,1091,0,3048,63.00970238190757
2025,3,PT,HTS,93,9,2.47,1.0,2.18,0.0,3.35,0,0,344,116,68,43,0,117,9.00012133071128
2025,3,OH,DCA,4038,1142,183.8,32.66,447.23,4.14,474.17,170,17,108139,33496,5531,22084,297,46731,1141.9986588600955
2025,3,YX,OKC,165,24,5.03,2.0,7.28,0.0,9.68,2,1,2849,1184,293,317,0,1055,23.990348706054974
2025,4,C5,CHO,102,13,2.96,0.0,6.96,0.0,3.08,0,0,1178,523,0,157,0,498,13.000442468943902
2025,3,UA,RAP,31,8,1.14,0.0,1.96,0.0,4.9,0,1,598,74,0,62,0,462,7.999622620667772
2025,3,YX,IAH,51,10,1.34,0.05,5.95,0.0,2.66,0,0,595,52,3,317,0,223,10.000281255620969
2025,3,OH,TLH,122,31,8.02,1.51,5.15,0.9,15.42,1,0,3081,672,88,254,36,2031,30.999911047859328
2025,4,YX,GSO,170,27,6.38,0.0,11.48,0.0,9.14,1,0,1436,297,0,452,0,687,27.00051684479984
2025,4,YX,HHH,98,8,2.7,0.0,4.33,0.0,0.96,1,1,321,74,0,171,0,76,7.990514419310799
2025,3,WN,IND,1277,290,86.03,4.23,56.85,0.12,142.77,12,1,20163,5431,445,3200,4,11083,289.9998622550563
2025,3,G4,USA,67,21,3.46,1.45,6.11,0.0,9.98,1,0,2654,278,1028,445,0,903,20.99957873626247
2025,4,NK,FLL,1975,317,73.69,9.98,124.87,3.05,105.42,13,5,26971,6307,737,10157,133,9637,317.00792778283574
2025,4,YX,BUF,196,28,5.72,0.0,12.18,0.0,10.1,0,0,1078,257,0,285,0,536,28.0005509467686
2025,4,YX,AGS,35,11,0.06,0.0,10.94,0.0,0.0,0,0,438,3,0,435,0,0,11.000549345623163
2025,4,YX,BTV,180,7,0.6,1.0,3.12,0.0,2.29,0,0,321,28,32,132,0,129,7.010632482045395
2025,4,AS,MSP,60,2,1.0,0.0,1.0,0.0,0.0,0,0,39,16,0,23,0,0,1.9996328162895907
2025,3,WN,HOU,4345,688,197.93,16.5,161.63,2.11,309.82,31,8,39932,11065,1494,6803,106,20464,687.9892960904053
2025,4,PT,MYR,87,13,2.27,0.0,3.93,0.0,6.8,0,0,863,103,0,156,0,604,13.000327165744693
2025,4,ZW,TVC,3,2,0.0,0.05,0.09,0.0,1.86,0,0,282,0,8,14,0,260,2.000371679780926
2025,3,AS,LAX,658,119,29.08,2.38,49.91,0.0,37.63,5,0,4497,1047,161,1418,0,1871,118.99946118661518
2025,4,DL,MSY,672,127,54.66,3.49,41.91,0.0,26.94,4,0,10090,4881,659,2244,0,2306,126.9999674292211
2025,3,AS,IAH,62,16,9.36,0.0,2.16,0.0,4.48,1,0,587,366,0,103,0,118,15.999282789480013
2025,3,G7,EWR,1061,272,46.82,6.41,102.88,0.0,115.89,19,3,32606,6245,1170,8399,0,16792,272.00051516785766
2025,3,MQ,RIC,26,6,2.08,1.0,1.28,0.0,1.64,1,0,315,135,69,36,0,75,5.999148900171008
2025,3,PT,BOS,104,18,3.64,0.1,8.03,0.0,6.23,0,0,2284,1438,11,422,0,413,18.00017311457767
2025,4,ZW,HSV,3,1,0.1,0.0,0.38,0.0,0.52,1,0,134,13,0,51,0,70,1.000346877632964
2025,3,NK,CMH,198,45,14.63,1.66,18.82,0.86,9.03,1,1,3498,1083,151,1245,36,983,44.99836144418788
2025,3,DL,CHS,282,38,18.42,1.76,9.02,0.0,8.81,3,0,2226,956,135,440,0,695,38.00989032169355
2025,3,YX,PWM,212,34,11.9,0.0,9.24,0.0,12.86,0,1,2154,591,0,367,0,1196,34.0002871430077
2025,3,C5,ROC,82,14,5.87,1.85,3.07,0.0,3.21,0,0,1341,300,341,113,0,587,14.00006278121127
2025,3,WN,CRP,86,18,5.15,0.0,1.27,0.0,11.58,0,0,883,249,0,32,0,602,18.000243218401785
2025,4,AS,OAK,39,5,0.5,0.0,2.08,0.0,2.42,0,0,145,9,0,52,0,84,4.999622273991783
2025,4,9E,MCI,36,5,2.62,0.0,1.66,0.0,0.72,0,0,290,211,0,42,0,37,4.99989698776475
2025,4,F9,BUF,107,23,11.34,0.0,3.33,0.0,8.33,0,0,1038,462,0,136,0,440,23.00031578650499
2025,3,OH,ALB,135,36,15.37,1.3,5.55,0.0,13.79,8,0,2940,998,57,211,0,1674,36.01013368574576
2025,3,MQ,SBA,92,19,2.82,0.26,2.62,0.0,13.3,0,1,838,127,27,82,0,602,18.99909705764142
2025,4,C5,BRO,132,14,4.84,2.36,4.28,0.0,2.53,1,1,796,432,79,151,0,134,14.010529437199956
2025,3,OO,SAV,52,15,5.5,2.41,3.82,0.0,3.27,0,0,807,164,171,332,0,140,14.999972543366638
2025,3,YX,TUL,113,18,3.69,1.38,6.96,0.0,5.97,3,1,890,130,111,301,0,348,18.00028075472388
2025,4,G4,BZN,25,5,1.8,0.11,1.49,0.0,1.6,0,0,199,53,7,67,0,72,5.000419766436941
2025,3,ZW,FSD,5,0,0.0,0.0,0.0,0.0,0.0,0,0,0,0,0,0,0,0,0.00012907606432577268
2025,4,G4,MLI,49,6,1.88,0.0,3.69,0.0,0.43,0,0,310,178,0,111,0,21,6.000449782895309
2025,4,G7,AVL,57,15,1.88,0.12,2.04,0.0,10.97,0,0,1419,102,49,107,0,1161,15.01058502866293
2025,3,OO,ELM,62,13,9.48,2.98,0.54,0.0,0.0,0,1,1114,862,232,20,0,0,13.000032223363121
2025,4,F9,RDU,274,82,20.73,1.23,21.85,0.0,38.19,3,0,6863,1965,71,750,0,4077,82.00056083679033
2025,4,UA,MKE,30,4,1.07,0.0,1.28,0.0,1.65,0,0,146,26,0,33,0,87,3.999839792028247
2025,3,NK,LBE,29,3,1.0,0.0,2.0,0.0,0.0,0,0,184,64,0,120,0,0,2.9987036228703374
2025,4,UA,ALB,30,7,2.76,0.0,0.0,0.0,4.24,1,0,1276,931,0,0,0,345,6.999869955444119
2025,4,F9,HOU,12,5,1.24,0.0,3.51,0.0,0.25,0,1,305,144,0,145,0,16,5.000412076500346
2025,4,AS,DCA,180,47,8.91,1.0,26.6,0.0,10.49,0,1,2230,582,49,1041,0,558,46.99973725957241
2025,4,NK,MEM,48,8,4.18,0.0,2.0,0.0,1.82,1,0,491,268,0,87,0,136,7.998911028257183
2025,3,OO,DRO,281,42,26.43,3.46,7.45,0.0,4.67,6,1,2786,1691,301,567,0,227,42.00984252084449
2025,3,DL,EGE,54,20,7.38,0.0,12.03,0.0,0.59,0,0,717,365,0,336,0,16,19.99991737894881
2025,4,MQ,PNS,166,22,5.78,1.82,10.47,0.0,3.93,7,0,1125,297,160,393,0,275,21.999346291533385
2025,3,OH,VPS,62,13,2.07,0.0,3.17,0.0,7.75,4,1,863,73,0,99,0,691,12.99013172510265
2025,4,G4,DEN,26,8,1.0,0.31,6.06,0.0,0.63,0,0,411,61,14,309,0,27,8.000455042061084
2025,4,ZW,PIA,2,1,0.0,0.0,0.0,0.0,1.0,0,0,26,0,0,0,0,26,1.0003581943885251
2025,3,WN,LIT,204,40,10.49,0.0,3.67,0.0,25.84,0,2,1959,513,0,92,0,1354,40.00021433931738
2025,3,OO,ROW,93,22,14.18,1.0,3.91,0.0,2.91,8,1,1771,1204,32,401,0,134,21.99980178322255
2025,3,AA,SEA,439,132,43.93,0.68,42.09,2.0,43.3,6,0,6334,2295,42,1317,31,2649,131.99810531647142
2025,4,MQ,LBB,170,44,15.96,0.45,16.6,0.0,11.0,11,3,1672,725,17,441,0,489,44.00919318947372
2025,4,UA,BDL,207,28,8.91,0.0,4.21,0.0,14.88,1,0,2089,563,0,152,0,1374,27.999851943296918
2025,3,OO,ESC,53,1,0.0,0.96,0.04,0.0,0.0,8,0,164,0,157,7,0,0,0.9997875304658947
2025,3,DL,SNA,366,56,26.98,0.53,22.18,0.0,6.31,0,3,3595,2595,60,695,0,245,56.00001420776707
2025,4,DL,TYS,144,25,11.17,3.15,3.16,0.0,7.53,1,0,1687,794,219,191,0,483,25.01022884636877
2025,3,OH,BUF,66,25,7.94,0.0,1.74,0.0,15.32,5,0,2005,556,0,108,0,1341,25.000062301935934
2025,3,OO,HDN,41,5,2.09,0.88,1.03,0.0,1.0,0,0,396,172,114,43,0,67,4.999931351813963
2025,4,WN,MCI,2034,372,96.97,7.92,66.1,2.16,198.85,10,7,21995,5340,474,2662,70,13449,371.99949199613354
2025,4,UA,MFR,47,8,0.43,0.0,1.02,0.0,6.54,0,0,707,31,0,36,0,640,7.989860513113399
2025,4,G4,PDX,24,5,2.87,0.0,0.18,0.0,1.95,0,0,639,288,0,36,0,315,5.000433916762326
2025,3,OO,BNA,360,107,57.33,22.9,11.05,0.0,15.72,4,0,8618,3839,2565,945,0,1269,106.99993299083056
2025,4,MQ,IAH,121,18,1.17,0.38,4.71,1.0,10.74,4,0,1004,31,30,225,32,686,17.998823351104498
2025,3,MQ,ECP,32,4,1.01,0.0,2.6,0.0,0.39,3,0,156,26,0,121,0,9,3.9990801748902456
2025,4,UA,STL,234,46,17.85,2.3,11.45,0.0,14.41,1,3,3262,1581,65,584,0,1032,46.01000730222951
2025,4,G7,RIC,206,62,18.01,0.0,12.46,0.0,31.54,11,0,7612,2452,0,516,0,4644,62.0106647486941
2025,4,G4,MSY,8,3,0.31,0.01,0.81,0.0,1.86,0,0,142,12,1,27,0,102,2.990422492869243
2025,4,DL,ELP,60,11,3.71,0.79,4.15,0.0,2.35,0,0,737,241,159,249,0,88,11.000086528512888
2025,3,9E,TUL,32,9,1.83,0.0,1.6,0.0,5.57,1,0,996,181,0,142,0,673,8.999653578751513
2025,3,YV,RNO,5,1,1.0,0.0,0.0,0.0,0.0,0,0,18,18,0,0,0,0,0.9990458599598497
2025,3,YX,ELP,8,0,0.0,0.0,0.0,0.0,0.0,0,0,0,0,0,0,0,0,0.0002686300929610752
2025,4,UA,ATL,565,106,25.1,3.32,44.28,0.0,33.29,4,2,6962,1588,253,1932,0,3189,105.99008540878582
2025,4,YV,BHM,10,2,0.14,0.0,1.0,0.0,0.86,0,0,135,9,0,70,0,56,1.9992902753844817
2025,3,AS,SLC,77,15,2.68,0.0,5.34,0.0,6.98,0,0,622,99,0,173,0,350,14.999377209050081
2025,3,OO,SBA,173,44,24.77,0.93,11.1,0.0,7.2,1,0,2623,1590,14,581,0,438,43.99988358933724
2025,4,9E,PHL,29,9,4.59,0.0,3.41,0.0,1.0,0,0,588,380,0,189,0,19,8.999876718202195
2025,3,G7,BUF,68,17,4.91,0.0,1.57,0.0,10.52,0,0,1457,428,0,106,0,923,17.000343501564927
2025,4,9E,MYR,13,3,0.15,0.0,2.85,0.0,0.0,0,0,154,14,0,140,0,0,2.9999018587847672
2025,3,WN,MCI,2082,382,104.75,5.7,61.66,0.75,209.14,24,1,23401,5533,514,2622,15,14717,381.99932174170726
2025,3,UA,SLC,476,79,25.93,2.18,19.64,0.0,31.25,1,0,4735,1561,106,760,0,2308,78.99971695721923
2025,4,YX,PNS,4,1,0.0,0.0,0.43,0.0,0.57,0,0,30,0,0,13,0,17,1.0005023470577612
2025,4,B6,ILM,1,0,0.0,0.0,0.0,0.0,0.0,0,0,0,0,0,0,0,0,0.00037090606437573115
2025,4,MQ,MEM,204,40,5.13,4.71,19.94,0.0,10.23,6,1,1640,196,243,703,0,498,40.009600935804585
2025,3,PT,ORF,30,5,0.78,1.67,0.44,0.0,2.11,0,0,344,18,237,28,0,61,5.000048130753008
2025,4,OO,SPS,60,12,4.99,3.23,0.85,0.0,2.93,3,1,1564,886,497,96,0,85,12.00008125505542
2025,3,F9,LGA,247,79,10.05,0.84,34.7,0.0,33.41,7,1,4712,550,56,1842,0,2264,79.00007039632956
2025,3,F9,FLL,181,44,14.69,0.0,13.52,0.0,15.79,6,1,3496,880,0,964,0,1652,44.00003447139871
2025,3,OO,JLN,62,14,9.88,0.0,1.24,0.0,2.89,0,1,871,526,0,249,0,96,14.009843003391566
2025,3,B6,ORD,85,21,6.45,0.0,7.44,0.0,7.1,0,0,1691,591,0,400,0,700,20.990150657736137
